--MICROSOFT ACCESS Version


-- INSERT VALUES
INSERT INTO MANUFACTURER (Manufacturer_ID, Name, Country, YearFounded, Revenue)
VALUES
(1, 'Toyota', 'Japan', '1937', 275),
(2, 'Ford', 'USA', '1903', 160),
(3, 'Volkswagen', 'Germany', '1937', 300),
(4, 'Hyundai', 'South Korea', '1967', 300),
(5, 'BMW', 'Germany', '1916', 150),
(6, 'Merceded-Benz', 'Germany', '1926', 155),
(7, 'Honda', 'Japan', '1948', 140),
(8, 'Tesla', 'USA', '2003', 95),
(9, 'Nissan', 'Japan', '1933', 90),
(10, 'Kia', 'South Korea', '1944', 80),
(11, 'Chevrolet', 'USA', '1911', 130),
(12, 'Peugeot', 'France', '1810', 70),
(13, 'Dodge', 'USA', '1900', 75),
(14, 'McLaren', 'United Kingdom', '1963', 25),
(15, 'Bugatti', 'France', '1909', 20);


INSERT INTO REGION (Region_ID, Name)
VALUES
('NA','North America'),
('EU', 'Europe'),
('AS', 'Asia'),
('SA', 'South America'),
('AF', 'Africa'),
('OC', 'Oceania'),
('ME', 'Middle East');

INSERT INTO CAR (CarModel_ID, Manufacturer_ID, CarModel_Name, Type, LaunchYear, Price) VALUES
(1, 1, 'Corolla', 'Sedan', '1968', 22000)
(2, 1, 'RAV4', 'SUV', '1995', 29000)
(3, 2, 'F-150','Truck', '1975', 41000)
(4, 2, 'Mustang', 'Coupe', '1964', 37000)
(5, 3, 'Golf', 'Hatchback', '1975', 25000)
(6, 3, 'Tiguan', 'SUV', '2008', 32000)
(7, 4, 'Sonata', 'Sedan', '1988', 24000)
(8, 4, 'Tucson', 'SUV', '2005', 28000)
(9, 5, '3 Series', 'Sedan', '1976', 42000)
(10, 5, 'X5', 'SUV', '2000', 42000)
(11, 6, 'C-Class', 'Sedan', '1994', 43000)
(12, 6, 'GLE', 'SUV', '2016', 65000)
(13, 7, 'Civic', 'Sedan', '1973', 23000)
(14, 7, 'CR-V', 'SUV', '1997', 29000)
(15, 8, 'Model 3', 'Sedan', '2017', 40000)
(16, 8, 'Model Y', 'SUV', '2020', 48000)
(17, 9, 'Altima', 'Sedan', '1993', 28000)
(18, 9, 'Rogue', 'SUV', '2008', 28000)
(19, 10, 'Sportage', 'SUV', '1995', 27000)
(20, 10, 'K5', 'Sedan', '2021', 25000)
(21, 11, 'Silverado', 'Truck', '1999', 43000)
(22, 11, 'Malibu', 'Sedan', '1964', 23000)
(23, 12, '208', 'Hatchback', '2019', 21000)
(24, 12, '3008', 'SUV', '2016', 31000)
(25, 13, 'Challenger', 'Coupe', '1970', 35000)
(26, 13, 'Charger', 'Sedan', '1966', 37000)
(27, 13, 'Durango', 'SUV', '1998', 42000)
(28, 14, '720S', 'Supercar', '2017', 300000)
(29, 14, 'Artura', 'Hybrid Supercar', '2023', 250000)
(30, 14, 'GT', 'Grand Tourer', '2020', 210000)
(31, 15, 'Chiron', 'Hypercar', '2017', 300000)
(32, 15, 'Divo', 'Hypercar', '2019', 5800000)


INSERT INTO SALES (Sales_ID, CarModel_ID, Region_ID, Year, Units_Sold) VALUES
(1, 1, 'EU', '2020', 118200),  --Year 2020, Each Car Based region
(2, 1, 'AS', '2020', 133500),
(3, 1, 'SA', '2020', 21900),
(4, 1, 'AF', '2020', 1080),
(5, 1, 'OC', '2020', 61000),
(6, 1, 'ME', '2020', 28800),
(7, 2, 'EU', '2020', 88000), 
(8, 2, 'AS', '2020', 99000),
(9, 2, 'SA', '2020', 22400),
(10, 2, 'AF', '2020', 2475),
(11, 2, 'OC', '2020', 47000),
(12, 2, 'ME', '2020', 28100),
(13, 3, 'EU', '2020', 69300), 
(14, 3, 'AS', '2020', 2300),
(15, 3, 'SA', '2020', 1700),
(16, 3, 'AF', '2020', 1150),
(17, 3, 'OC', '2020', 31000),
(18, 3, 'ME', '2020', 2720),
(19, 4, 'EU', '2020', 45000), 
(20, 4, 'AS', '2020', 1800),
(21, 4, 'SA', '2020', 22000),
(22, 4, 'AF', '2020', 1620),
(23, 4, 'OC', '2020', 44000),
(24, 4, 'ME', '2020', 18000),
(25, 5, 'EU', '2020', 167400), 
(26, 5, 'AS', '2020', 21400),
(27, 5, 'SA', '2020', 12350),
(28, 5, 'AF', '2020', 3520),
(29, 5, 'OC', '2020', 50600),
(30, 5, 'ME', '2020', 39600),
(31, 6, 'EU', '2020', 217000), 
(32, 6, 'AS', '2020', 31500),
(33, 6, 'SA', '2020', 26100),
(34, 6, 'AF', '2020', 2025),
(35, 6, 'OC', '2020', 495000),
(36, 6, 'ME', '2020', 360000),
(37, 7, 'EU', '2020', 112500), 
(38, 7, 'AS', '2020', 103500),
(39, 7, 'SA', '2020', 253000),
(40, 7, 'AF', '2020', 1320),
(41, 7, 'OC', '2020', 495000),
(42, 7, 'ME', '2020', 352000),
(43, 8, 'EU', '2020', 137500), 
(44, 8, 'AS', '2020', 85500),
(45, 8, 'SA', '2020', 207000),
(46, 8, 'AF', '2020', 1320),
(47, 8, 'OC', '2020', 522500),
(48, 8, 'ME', '2020', 304000),
(49, 9, 'EU', '2020', 113000),
(50, 9, 'AS', '2020', 104500),
(51, 9, 'SA', '2020', 253000),
(52, 9, 'AF', '2020', 1320),
(53, 9, 'OC', '2020', 495000),
(54, 9, 'ME', '2020', 288000),
(55, 10, 'EU', '2020', 118750), 
(56, 10, 'AS', '2020', 100000),
(57, 10, 'SA', '2020', 218500),
(58, 10, 'AF', '2020', 1260),
(59, 10, 'OC', '2020', 522500),
(60, 10, 'ME', '2020', 336000),
(61, 11, 'EU', '2020', 131000),
(62, 11, 'AS', '2020', 90000),
(63, 11, 'SA', '2020', 241500),
(64, 11, 'AF', '2020', 1140),
(65, 11, 'OC', '2020', 577500),
(66, 11, 'ME', '2020', 304000),
(67, 12, 'EU', '2020', 140000), 
(68, 12, 'AS', '2020', 86000),
(69, 12, 'SA', '2020', 253000),
(70, 12, 'AF', '2020', 1320),
(71, 12, 'OC', '2020', 467500),
(72, 12, 'ME', '2020', 272000),
(73, 13, 'EU', '2020', 137500), 
(74, 13, 'AS', '2020', 104500),
(75, 13, 'SA', '2020', 207000),
(76, 13, 'AF', '2020', 1320),
(77, 13, 'OC', '2020', 522500),
(78, 13, 'ME', '2020', 352000),
(79, 14, 'EU', '2020', 118750), 
(80, 14, 'AS', '2020', 85500),
(81, 14, 'SA', '2020', 241500),
(82, 14, 'AF', '2020', 1260),
(83, 14, 'OC', '2020', 522500),
(84, 14, 'ME', '2020', 304000),
(85, 15, 'EU', '2020', 140000), 
(86, 15, 'AS', '2020', 104500),
(87, 15, 'SA', '2020', 253000),
(88, 15, 'AF', '2020', 1320),
(89, 15, 'OC', '2020', 522500),
(90, 15, 'ME', '2020', 368000),
(100, 16, 'EU', '2020', 131000), 
(101, 16, 'AS', '2020', 86000),
(102, 16, 'SA', '2020', 207000),
(103, 16, 'AF', '2020', 1140),
(104, 16, 'OC', '2020', 467500),
(105, 16, 'ME', '2020', 288000),
(106, 17, 'EU', '2020', 112500), 
(107, 17, 'AS', '2020', 104500),
(108, 17, 'SA', '2020', 241500),
(109, 17, 'AF', '2020', 1260),
(110, 17, 'OC', '2020', 522500),
(111, 17, 'ME', '2020', 304000),
(112, 18, 'EU', '2020', 137500), 
(113, 18, 'AS', '2020', 90000),
(114, 18, 'SA', '2020', 218500),
(115, 18, 'AF', '2020', 1260),
(116, 18, 'OC', '2020', 577500),
(117, 18, 'ME', '2020', 352000),
(118, 19, 'EU', '2020', 118750), 
(119, 19, 'AS', '2020', 85500),
(120, 19, 'SA', '2020', 253000),
(121, 19, 'AF', '2020', 1140),
(122, 19, 'OC', '2020', 522500),
(123, 19, 'ME', '2020', 336000),
(124, 20, 'EU', '2020', 140000),
(125, 20, 'AS', '2020', 100000),
(126, 20, 'SA', '2020', 207000),
(127, 20, 'AF', '2020', 1320),
(128, 20, 'OC', '2020', 495000),
(129, 20, 'ME', '2020', 288000),
(130, 21, 'EU', '2020', 112500), 
(131, 21, 'AS', '2020', 86000),
(132, 21, 'SA', '2020', 253000),
(133, 21, 'AF', '2020', 1260),
(134, 21, 'OC', '2020', 522500),
(135, 21, 'ME', '2020', 304000),
(136, 22, 'EU', '2020', 131000), 
(137, 22, 'AS', '2020', 85500),
(138, 22, 'SA', '2020', 241500),
(139, 22, 'AF', '2020', 1140),
(140, 22, 'OC', '2020', 467500),
(141, 22, 'ME', '2020', 368000),
(142, 23, 'EU', '2020', 118750), 
(143, 23, 'AS', '2020', 104500),
(144, 23, 'SA', '2020', 218500),
(145, 23, 'AF', '2020', 1320),
(146, 23, 'OC', '2020', 522500),
(147, 23, 'ME', '2020', 304000),
(148, 24, 'EU', '2020', 137500), 
(149, 24, 'AS', '2020', 90000),
(150, 24, 'SA', '2020', 207000),
(151, 24, 'AF', '2020', 1260),
(152, 24, 'OC', '2020', 577500),
(153, 24, 'ME', '2020', 352000),
(154, 25, 'EU', '2020', 131000), 
(155, 25, 'AS', '2020', 100000),
(156, 25, 'SA', '2020', 253000),
(157, 25, 'AF', '2020', 1140),
(158, 25, 'OC', '2020', 522500),
(159, 25, 'ME', '2020', 288000),
(160, 26, 'EU', '2020', 118750), 
(161, 26, 'AS', '2020', 104500),
(162, 26, 'SA', '2020', 207000),
(163, 21, 'AF', '2020', 1260),
(164, 26, 'OC', '2020', 495000),
(165, 26, 'ME', '2020', 352000),
(166, 27, 'EU', '2020', 137500), 
(167, 27, 'AS', '2020', 85500),
(168, 27, 'SA', '2020', 241500),
(169, 27, 'AF', '2020', 1140),
(170, 27, 'OC', '2020', 522500),
(171, 27, 'ME', '2020', 368000),
(172, 28, 'EU', '2020', 112500), 
(173, 28, 'AS', '2020', 85500),
(174, 28, 'SA', '2020', 253000),
(175, 28, 'AF', '2020', 1080),
(176, 28, 'OC', '2020', 495000),
(177, 28, 'ME', '2020', 352000),
(178, 29, 'EU', '2020', 137500), 
(179, 29, 'AS', '2020', 85500),
(180, 29, 'SA', '2020', 207000),
(181, 29, 'AF', '2020', 1080),
(182, 29, 'OC', '2020', 495000),
(183, 29, 'ME', '2020', 288000),
(184, 30, 'EU', '2020', 112500), 
(185, 30, 'AS', '2020', 104500),
(186, 30, 'SA', '2020', 253000),
(187, 30, 'AF', '2020', 1320),
(188, 30, 'OC', '2020', 605000),
(189, 30, 'ME', '2020', 352000),
(190, 31, 'EU', '2020', 112500), 
(191, 31, 'AS', '2020', 85500),
(192, 31, 'SA', '2020', 207000),
(193, 31, 'AF', '2020', 1080),
(194, 31, 'OC', '2020', 495000),
(195, 31, 'ME', '2020', 288000),
(196, 32, 'EU', '2020', 137500), 
(197, 32, 'AS', '2020', 104500),
(198, 32, 'SA', '2020', 253000),
(199, 32, 'AF', '2020', 1320),
(200, 32, 'OC', '2020', 467500),
(201, 32, 'ME', '2020', 352000);