-- INSERT VALUES
INSERT INTO MANUFACTURERS (Manufacturer_ID, Manufacturer_Name, Country, YearFounded, Revenue_USD_Billion)
VALUES
(1, 'Toyota', 'Japan', '1937', 275),
(2, 'Ford', 'USA', '1903', 160),
(3, 'Volkswagen', 'Germany', '1937', 300),
(4, 'Hyundai', 'South Korea', '1967', 300),
(5, 'BMW', 'Germany', '1916', 150),
(6, 'Merceded-Benz', 'Germany', '1926', 155),
(7, 'Honda', 'Japan', '1948', 140),
(8, 'Tesla', 'USA', '2003', 95),
(9, 'Nissan', 'Japan', '1933', 90),
(10, 'Kia', 'South Korea', '1944', 80),
(11, 'Chevrolet', 'USA', '1911', 130),
(12, 'Peugeot', 'France', '1810', 70),
(13, 'Dodge', 'USA', '1900', 75),
(14, 'McLaren', 'United Kingdom', '1963', 25),
(15, 'Bugatti', 'France', '1909', 20);

INSERT INTO CARS (Model_ID, Manufacturer_ID, Model_Name, Car_Type, Launch_Year, Car_Price)
VALUES
(1, 1, 'Corolla', 'Sedan', '1968', 22000),
(2, 1, 'RAV4', 'SUV', '1995', 290000),
(3, 2, 'F-150','Truck', '1975', 41000),
(4, 2, 'Mustang', 'Coupe', '1964', 37000),
(5, 3, 'Golf', 'Hatchback', '1975', 250000),
(6, 3, 'Tiguan', 'SUV', '2008', 32000),
(7, 4, 'Sonata', 'Sedan', '1988', 24000),
(8, 4, 'Tucson', 'SUV', '2005', 28000),
(9, 5, '3 Series', 'Sedan', '1976', 42000),
(10, 5, 'X5', 'SUV', '2000', 42000),
(11, 6, 'C-Class', 'Sedan', '1994', 43000),
(12, 6, 'GLE', 'SUV', '2016', 65000),
(13, 7, 'Civic', 'Sedan', '1973', 23000),
(14, 7, 'CR-V', 'SUV', '1997', 29000),
(15, 8, 'Model 3', 'Sedan', '2017', 40000),
(16, 8, 'Model Y', 'SUV', '2020', 48000),
(17, 9, 'Altima', 'Sedan', '1993', 28000),
(18, 9, 'Rogue', 'SUV', '2008', 28000),
(19, 10, 'Sportage', 'SUV', '1995', 27000),
(20, 10, 'K5', 'Sedan', '2021', 25000),
(21, 11, 'Silverado', 'Truck', '1999', 43000),
(22, 11, 'Malibu', 'Sedan', '1964', 23000),
(23, 12, '208', 'Hatchback', '2019', 21000),
(24, 12, '3008', 'SUV', '2016', 31000),
(25, 13, 'Challenger', 'Coupe', '1970', 35000),
(26, 13, 'Charger', 'Sedan', '1966', 37000),
(27, 13, 'Durango', 'SUV', '1998', 42000),
(28, 14, '720S', 'Supercar', '2017', 300000),
(29, 14, 'Artura', 'Hybrid Supercar', '2023', 250000),
(30, 14, 'GT', 'Grand Tourer', '2020', 210000),
(31, 15, 'Chiron', 'Hypercar', '2017', 300000),
(32, 15, 'Divo', 'Hypercar', '2019', 5800000);


INSERT INTO REGIONS (Region_ID, Region_Name)
VALUES
('NA','North America'),
('EU', 'Europe'),
('AS', 'Asia'),
('SA', 'South America'),
('AF', 'Africa'),
('OC', 'Oceania'),
('ME', 'Middle East');

INSERT INTO SALES (Sales_ID, Model_ID, Region_ID, Sales_Year, Units_Sold)
VALUES

(1, 1, 'EU', '2020', 118200),  --Year 2020, Each Car Based region
(2, 1, 'AS', '2020', 133500),
(3, 1, 'SA', '2020', 21900),
(4, 1, 'AF', '2020', 1080),
(5, 1, 'OC', '2020', 61000),
(6, 1, 'ME', '2020', 28800),
(7, 2, 'EU', '2020', 88000), 
(8, 2, 'AS', '2020', 99000),
(9, 2, 'SA', '2020', 22400),
(10, 2, 'AF', '2020', 2475),
(11, 2, 'OC', '2020', 47000),
(12, 2, 'ME', '2020', 28100),
(13, 3, 'EU', '2020', 69300), 
(14, 3, 'AS', '2020', 2300),
(15, 3, 'SA', '2020', 1700),
(16, 3, 'AF', '2020', 1150),
(17, 3, 'OC', '2020', 31000),
(18, 3, 'ME', '2020', 2720),
(19, 4, 'EU', '2020', 45000), 
(20, 4, 'AS', '2020', 1800),
(21, 4, 'SA', '2020', 22000),
(22, 4, 'AF', '2020', 1620),
(23, 4, 'OC', '2020', 44000),
(24, 4, 'ME', '2020', 18000),
(25, 5, 'EU', '2020', 167400), 
(26, 5, 'AS', '2020', 21400),
(27, 5, 'SA', '2020', 12350),
(28, 5, 'AF', '2020', 3520),
(29, 5, 'OC', '2020', 50600),
(30, 5, 'ME', '2020', 39600),
(31, 6, 'EU', '2020', 217000), 
(32, 6, 'AS', '2020', 31500),
(33, 6, 'SA', '2020', 26100),
(34, 6, 'AF', '2020', 2025),
(35, 6, 'OC', '2020', 495000),
(36, 6, 'ME', '2020', 360000),
(37, 7, 'EU', '2020', 112500), 
(38, 7, 'AS', '2020', 103500),
(39, 7, 'SA', '2020', 253000),
(40, 7, 'AF', '2020', 1320),
(41, 7, 'OC', '2020', 495000),
(42, 7, 'ME', '2020', 352000),
(43, 8, 'EU', '2020', 137500), 
(44, 8, 'AS', '2020', 85500),
(45, 8, 'SA', '2020', 207000),
(46, 8, 'AF', '2020', 1320),
(47, 8, 'OC', '2020', 522500),
(48, 8, 'ME', '2020', 304000),
(49, 9, 'EU', '2020', 113000),
(50, 9, 'AS', '2020', 104500),
(51, 9, 'SA', '2020', 253000),
(52, 9, 'AF', '2020', 1320),
(53, 9, 'OC', '2020', 495000),
(54, 9, 'ME', '2020', 288000),
(55, 10, 'EU', '2020', 118750), 
(56, 10, 'AS', '2020', 100000),
(57, 10, 'SA', '2020', 218500),
(58, 10, 'AF', '2020', 1260),
(59, 10, 'OC', '2020', 522500),
(60, 10, 'ME', '2020', 336000),
(61, 11, 'EU', '2020', 131000),
(62, 11, 'AS', '2020', 90000),
(63, 11, 'SA', '2020', 241500),
(64, 11, 'AF', '2020', 1140),
(65, 11, 'OC', '2020', 577500),
(66, 11, 'ME', '2020', 304000),
(67, 12, 'EU', '2020', 140000), 
(68, 12, 'AS', '2020', 86000),
(69, 12, 'SA', '2020', 253000),
(70, 12, 'AF', '2020', 1320),
(71, 12, 'OC', '2020', 467500),
(72, 12, 'ME', '2020', 272000),
(73, 13, 'EU', '2020', 137500), 
(74, 13, 'AS', '2020', 104500),
(75, 13, 'SA', '2020', 207000),
(76, 13, 'AF', '2020', 1320),
(77, 13, 'OC', '2020', 522500),
(78, 13, 'ME', '2020', 352000),
(79, 14, 'EU', '2020', 118750), 
(80, 14, 'AS', '2020', 85500),
(81, 14, 'SA', '2020', 241500),
(82, 14, 'AF', '2020', 1260),
(83, 14, 'OC', '2020', 522500),
(84, 14, 'ME', '2020', 304000),
(85, 15, 'EU', '2020', 140000), 
(86, 15, 'AS', '2020', 104500),
(87, 15, 'SA', '2020', 253000),
(88, 15, 'AF', '2020', 1320),
(89, 15, 'OC', '2020', 522500),
(90, 15, 'ME', '2020', 368000),
(100, 16, 'EU', '2020', 131000), 
(101, 16, 'AS', '2020', 86000),
(102, 16, 'SA', '2020', 207000),
(103, 16, 'AF', '2020', 1140),
(104, 16, 'OC', '2020', 467500),
(105, 16, 'ME', '2020', 288000),
(106, 17, 'EU', '2020', 112500), 
(107, 17, 'AS', '2020', 104500),
(108, 17, 'SA', '2020', 241500),
(109, 17, 'AF', '2020', 1260),
(110, 17, 'OC', '2020', 522500),
(111, 17, 'ME', '2020', 304000),
(112, 18, 'EU', '2020', 137500), 
(113, 18, 'AS', '2020', 90000),
(114, 18, 'SA', '2020', 218500),
(115, 18, 'AF', '2020', 1260),
(116, 18, 'OC', '2020', 577500),
(117, 18, 'ME', '2020', 352000),
(118, 19, 'EU', '2020', 118750), 
(119, 19, 'AS', '2020', 85500),
(120, 19, 'SA', '2020', 253000),
(121, 19, 'AF', '2020', 1140),
(122, 19, 'OC', '2020', 522500),
(123, 19, 'ME', '2020', 336000),
(124, 20, 'EU', '2020', 140000),
(125, 20, 'AS', '2020', 100000),
(126, 20, 'SA', '2020', 207000),
(127, 20, 'AF', '2020', 1320),
(128, 20, 'OC', '2020', 495000),
(129, 20, 'ME', '2020', 288000),
(130, 21, 'EU', '2020', 112500), 
(131, 21, 'AS', '2020', 86000),
(132, 21, 'SA', '2020', 253000),
(133, 21, 'AF', '2020', 1260),
(134, 21, 'OC', '2020', 522500),
(135, 21, 'ME', '2020', 304000),
(136, 22, 'EU', '2020', 131000), 
(137, 22, 'AS', '2020', 85500),
(138, 22, 'SA', '2020', 241500),
(139, 22, 'AF', '2020', 1140),
(140, 22, 'OC', '2020', 467500),
(141, 22, 'ME', '2020', 368000),
(142, 23, 'EU', '2020', 118750), 
(143, 23, 'AS', '2020', 104500),
(144, 23, 'SA', '2020', 218500),
(145, 23, 'AF', '2020', 1320),
(146, 23, 'OC', '2020', 522500),
(147, 23, 'ME', '2020', 304000),
(148, 24, 'EU', '2020', 137500), 
(149, 24, 'AS', '2020', 90000),
(150, 24, 'SA', '2020', 207000),
(151, 24, 'AF', '2020', 1260),
(152, 24, 'OC', '2020', 577500),
(153, 24, 'ME', '2020', 352000),
(154, 25, 'EU', '2020', 131000), 
(155, 25, 'AS', '2020', 100000),
(156, 25, 'SA', '2020', 253000),
(157, 25, 'AF', '2020', 1140),
(158, 25, 'OC', '2020', 522500),
(159, 25, 'ME', '2020', 288000),
(160, 26, 'EU', '2020', 118750), 
(161, 26, 'AS', '2020', 104500),
(162, 26, 'SA', '2020', 207000),
(163, 21, 'AF', '2020', 1260),
(164, 26, 'OC', '2020', 495000),
(165, 26, 'ME', '2020', 352000),
(166, 27, 'EU', '2020', 137500), 
(167, 27, 'AS', '2020', 85500),
(168, 27, 'SA', '2020', 241500),
(169, 27, 'AF', '2020', 1140),
(170, 27, 'OC', '2020', 522500),
(171, 27, 'ME', '2020', 368000),
(172, 28, 'EU', '2020', 112500), 
(173, 28, 'AS', '2020', 85500),
(174, 28, 'SA', '2020', 253000),
(175, 28, 'AF', '2020', 1080),
(176, 28, 'OC', '2020', 495000),
(177, 28, 'ME', '2020', 352000),
(178, 29, 'EU', '2020', 137500), 
(179, 29, 'AS', '2020', 85500),
(180, 29, 'SA', '2020', 207000),
(181, 29, 'AF', '2020', 1080),
(182, 29, 'OC', '2020', 495000),
(183, 29, 'ME', '2020', 288000),
(184, 30, 'EU', '2020', 112500), 
(185, 30, 'AS', '2020', 104500),
(186, 30, 'SA', '2020', 253000),
(187, 30, 'AF', '2020', 1320),
(188, 30, 'OC', '2020', 605000),
(189, 30, 'ME', '2020', 352000),
(190, 31, 'EU', '2020', 112500), 
(191, 31, 'AS', '2020', 85500),
(192, 31, 'SA', '2020', 207000),
(193, 31, 'AF', '2020', 1080),
(194, 31, 'OC', '2020', 495000),
(195, 31, 'ME', '2020', 288000),
(196, 32, 'EU', '2020', 137500), 
(197, 32, 'AS', '2020', 104500),
(198, 32, 'SA', '2020', 253000),
(199, 32, 'AF', '2020', 1320),
(200, 32, 'OC', '2020', 467500),
(201, 32, 'ME', '2020', 352000),
(230, 1, 'EU', '2021', 137500),  --Year 2021, Each Car Based region
(231, 1, 'AS', '2021', 100000),
(232, 1, 'SA', '2021', 253000),
(233, 1, 'AF', '2021', 1320),
(234, 1, 'OC', '2021', 522500),
(235, 1, 'ME', '2021', 352000),
(236, 2, 'EU', '2021', 126000),
(237, 2, 'AS', '2021', 101200),
(238, 2, 'SA', '2021', 22400),
(239, 2, 'AF', '2021', 2475),
(240, 2, 'OC', '2021', 47000),
(241, 2, 'ME', '2021', 28100),
(242, 3, 'EU', '2021', 121500),
(243, 3, 'AS', '2021', 68200),
(244, 3, 'SA', '2021', 64800),
(245, 3, 'AF', '2021', 71300),
(246, 3, 'OC', '2021', 43200),
(247, 3, 'ME', '2021', 2720),
(248, 4, 'EU', '2021', 112500), 
(249, 4, 'AS', '2021', 85500),
(250, 4, 'SA', '2021', 207000),
(251, 4, 'AF', '2021', 1080),
(252, 4, 'OC', '2021', 605000),
(253, 4, 'ME', '2021', 288000),
(254, 5, 'EU', '2021', 118750), 
(255, 5, 'AS', '2021', 100000),
(256, 5, 'SA', '2021', 241500),
(257, 5, 'AF', '2021', 1140),
(258, 5, 'OC', '2021', 467500),
(259, 5, 'ME', '2021', 368000),
(260, 6, 'EU', '2021', 137500), 
(261, 6, 'AS', '2021', 90000),
(262, 6, 'SA', '2021', 253000),
(263, 6, 'AF', '2021', 1260),
(264, 6, 'OC', '2021', 522500),
(265, 6, 'ME', '2021', 352000),
(266, 7, 'EU', '2021', 112500), 
(267, 7, 'AS', '2021', 103500),
(268, 7, 'SA', '2021', 241500),
(269, 7, 'AF', '2021', 1320),
(270, 7, 'OC', '2021', 495000),
(271, 7, 'ME', '2021', 304000),
(272, 8, 'EU', '2021', 137500),
(273, 8, 'AS', '2021', 85500),
(274, 8, 'SA', '2021', 207000),
(275, 8, 'AF', '2021', 1320),
(276, 8, 'OC', '2021', 522500),
(277, 8, 'ME', '2021', 304000),
(278, 9, 'EU', '2021', 131000),
(279, 9, 'AS', '2021', 104500),
(280, 9, 'SA', '2021', 253000),
(281, 9, 'AF', '2021', 1320),
(282, 9, 'OC', '2021', 495000),
(283, 9, 'ME', '2021', 288000),
(284, 10, 'EU', '2021', 118750),
(285, 10, 'AS', '2021', 100000),
(286, 10, 'SA', '2021', 218500),
(287, 10, 'AF', '2021', 1260),
(288, 10, 'OC', '2021', 522500),
(289, 10, 'ME', '2021', 336000),
(290, 11, 'EU', '2021', 131000),
(291, 11, 'AS', '2021', 90000),
(292, 11, 'SA', '2021', 241500),
(293, 11, 'AF', '2021', 1140),
(294, 11, 'OC', '2021', 577500),
(295, 11, 'ME', '2021', 304000),
(296, 12, 'EU', '2021', 140000), 
(297, 12, 'AS', '2021', 86000),
(298, 12, 'SA', '2021', 253000),
(299, 12, 'AF', '2021', 1320),
(300, 12, 'OC', '2021', 467500),
(301, 12, 'ME', '2021', 272000),
(302, 13, 'EU', '2021', 137500), 
(303, 13, 'AS', '2021', 104500),
(304, 13, 'SA', '2021', 207000),
(305, 13, 'AF', '2021', 1320),
(306, 13, 'OC', '2021', 522500),
(307, 13, 'ME', '2021', 352000),
(308, 14, 'EU', '2021', 118750), 
(309, 14, 'AS', '2021', 85500),
(310, 14, 'SA', '2021', 241500),
(311, 14, 'AF', '2021', 1260),
(312, 14, 'OC', '2021', 522500),
(313, 14, 'ME', '2021', 304000),
(314, 15, 'EU', '2021', 140000), 
(315, 15, 'AS', '2021', 104500),
(316, 15, 'SA', '2021', 253000),
(317, 15, 'AF', '2021', 1320),
(318, 15, 'OC', '2021', 522500),
(319, 15, 'ME', '2021', 368000),
(320, 16, 'EU', '2021', 131000), 
(321, 16, 'AS', '2021', 86000),
(322, 16, 'SA', '2021', 207000),
(323, 16, 'AF', '2021', 1140),
(324, 16, 'OC', '2021', 467500),
(325, 16, 'ME', '2021', 288000),
(326, 17, 'EU', '2021', 112500), 
(327, 17, 'AS', '2021', 104500),
(328, 17, 'SA', '2021', 241500),
(329, 17, 'AF', '2021', 1260),
(330, 17, 'OC', '2021', 522500),
(331, 17, 'ME', '2021', 304000),
(332, 18, 'EU', '2021', 137500), 
(333, 18, 'AS', '2021', 90000),
(334, 18, 'SA', '2021', 218500),
(335, 18, 'AF', '2021', 1260),
(336, 18, 'OC', '2021', 577500),
(337, 18, 'ME', '2021', 352000),
(338, 19, 'EU', '2021', 118750), 
(339, 19, 'AS', '2021', 85500),
(340, 19, 'SA', '2021', 253000),
(341, 19, 'AF', '2021', 1140),
(342, 19, 'OC', '2021', 522500),
(343, 19, 'ME', '2021', 304000),
(344, 20, 'EU', '2021', 140000),
(345, 20, 'AS', '2021', 100000),
(346, 20, 'SA', '2021', 207000),
(347, 20, 'AF', '2021', 1320),
(348, 20, 'OC', '2021', 495000),
(349, 20, 'ME', '2021', 288000),
(350, 21, 'EU', '2021', 112500), 
(351, 21, 'AS', '2021', 86000),
(352, 21, 'SA', '2021', 253000),
(353, 21, 'AF', '2021', 1260),
(354, 21, 'OC', '2021', 522500),
(355, 21, 'ME', '2021', 304000),
(356, 22, 'EU', '2021', 131000), 
(357, 22, 'AS', '2021', 85500),
(358, 22, 'SA', '2021', 241500),
(359, 22, 'AF', '2021', 1140),
(360, 22, 'OC', '2021', 467500),
(361, 22, 'ME', '2021', 368000),
(362, 23, 'EU', '2021', 118750), 
(363, 23, 'AS', '2021', 104500),
(364, 23, 'SA', '2021', 218500),
(365, 23, 'AF', '2021', 1320),
(366, 23, 'OC', '2021', 522500),
(367, 23, 'ME', '2021', 304000),
(368, 24, 'EU', '2021', 137500), 
(369, 24, 'AS', '2021', 90000),
(370, 24, 'SA', '2021', 207000),
(371, 24, 'AF', '2021', 1260),
(372, 24, 'OC', '2021', 522500),
(373, 24, 'ME', '2021', 304000),
(374, 25, 'EU', '2021', 131000), 
(375, 25, 'AS', '2021', 100000),
(376, 25, 'SA', '2021', 253000),
(377, 25, 'AF', '2021', 1260),
(378, 25, 'OC', '2021', 522500),
(379, 25, 'ME', '2021', 288000),
(380, 26, 'EU', '2021', 118750), 
(381, 26, 'AS', '2021', 104500),
(382, 26, 'SA', '2021', 207000),
(383, 21, 'AF', '2021', 1140),
(384, 26, 'OC', '2021', 495000),
(385, 26, 'ME', '2021', 352000),
(386, 27, 'EU', '2021', 137500), 
(387, 27, 'AS', '2021', 85500),
(388, 27, 'SA', '2021', 241500),
(389, 27, 'AF', '2021', 1140),
(390, 27, 'OC', '2021', 522500),
(391, 27, 'ME', '2021', 368000),
(392, 28, 'EU', '2021', 112500), 
(393, 28, 'AS', '2021', 85500),
(394, 28, 'SA', '2021', 253000),
(395, 28, 'AF', '2021', 1080),
(396, 28, 'OC', '2021', 495000),
(397, 28, 'ME', '2021', 352000),
(398, 29, 'EU', '2021', 137500), 
(399, 29, 'AS', '2021', 85500),
(400, 29, 'SA', '2021', 207000),
(401, 29, 'AF', '2021', 1080),
(402, 29, 'OC', '2021', 495000),
(403, 29, 'ME', '2021', 288000),
(404, 30, 'EU', '2021', 112500), 
(405, 30, 'AS', '2021', 104500),
(406, 30, 'SA', '2021', 253000),
(407, 30, 'AF', '2021', 1320),
(408, 30, 'OC', '2021', 605000),
(409, 30, 'ME', '2021', 352000),
(410, 31, 'EU', '2021', 112500), 
(411, 31, 'AS', '2021', 85500),
(412, 31, 'SA', '2021', 207000),
(413, 31, 'AF', '2021', 1080),
(414, 31, 'OC', '2021', 495000),
(415, 31, 'ME', '2021', 288000),
(416, 32, 'EU', '2021', 137500), 
(417, 32, 'AS', '2021', 104500),
(418, 32, 'SA', '2021', 253000),
(419, 32, 'AF', '2021', 1320),
(420, 32, 'OC', '2021', 522500),
(421, 32, 'ME', '2021', 352000),
(422, 1, 'EU', '2022', 137500),   --Year 2022, Each Car Based region
(423, 1, 'AS', '2022', 100000),
(424, 1, 'SA', '2022', 241500),
(425, 1, 'AF', '2022', 1140),
(426, 1, 'OC', '2022', 522500),
(427, 1, 'ME', '2022', 352000),
(428, 2, 'EU', '2022', 131000),
(429, 2, 'AS', '2022', 100000),
(430, 2, 'SA', '2022', 22400),
(431, 2, 'AF', '2022', 2310),
(432, 2, 'OC', '2022', 49500),
(433, 2, 'ME', '2022', 28100),
(434, 3, 'EU', '2022', 121500),
(435, 3, 'AS', '2022', 68200),
(436, 3, 'SA', '2022', 64800),
(437, 3, 'AF', '2022', 71300),
(438, 3, 'OC', '2022', 43200),
(439, 3, 'ME', '2022', 2720),
(440, 4, 'EU', '2022', 118750), 
(441, 4, 'AS', '2022', 90000),
(442, 4, 'SA', '2022', 218500),
(443, 4, 'AF', '2022', 1080),
(444, 4, 'OC', '2022', 577500),
(445, 4, 'ME', '2022', 304000),
(446, 5, 'EU', '2022', 131000), 
(447, 5, 'AS', '2022', 100000),
(448, 5, 'SA', '2022', 241500),
(449, 5, 'AF', '2022', 1260),
(450, 5, 'OC', '2022', 495000),
(451, 5, 'ME', '2022', 368000),
(452, 6, 'EU', '2022', 118750), 
(453, 6, 'AS', '2022', 104500),
(454, 6, 'SA', '2022', 207000),
(455, 6, 'AF', '2022', 1320),
(456, 6, 'OC', '2022', 522500),
(455, 6, 'ME', '2022', 336000),
(456, 7, 'EU', '2022', 112500), 
(457, 7, 'AS', '2022', 103500),
(458, 7, 'SA', '2022', 241500),
(459, 7, 'AF', '2022', 1260),
(460, 7, 'OC', '2022', 495000),
(461, 7, 'ME', '2022', 304000),
(462, 8, 'EU', '2022', 137500), 
(463, 8, 'AS', '2022', 85500),
(464, 8, 'SA', '2022', 207000),
(465, 8, 'AF', '2022', 1140),
(467, 8, 'OC', '2022', 522500),
(468, 8, 'ME', '2022', 288000),
(469, 9, 'EU', '2022', 118750),
(470, 9, 'AS', '2022', 100000),
(471, 9, 'SA', '2022', 253000),
(472, 9, 'AF', '2022', 1320),
(473, 9, 'OC', '2022', 522500),
(474, 9, 'ME', '2022', 352000),
(475, 10, 'EU', '2022', 131000),
(476, 10, 'AS', '2022', 90000),
(477, 10, 'SA', '2022', 218500),
(478, 10, 'AF', '2022', 1260),
(479, 10, 'OC', '2022', 467500),
(480, 10, 'ME', '2022', 304000),
(481, 11, 'EU', '2022', 118750),-
(482, 11, 'AS', '2022', 104500),
(483, 11, 'SA', '2022', 207000),
(484, 11, 'AF', '2022', 1140),
(485, 11, 'OC', '2022', 522500),
(486, 11, 'ME', '2022', 336000),
(487, 12, 'EU', '2022', 137500), 
(488, 12, 'AS', '2022', 85500),
(489, 12, 'SA', '2022', 253000),
(490, 12, 'AF', '2022', 1320),
(491, 12, 'OC', '2022', 605000),
(492, 12, 'ME', '2022', 368000),
(493, 13, 'EU', '2022', 140000), 
(494, 13, 'AS', '2022', 100000),
(495, 13, 'SA', '2022', 218500),
(496, 13, 'AF', '2022', 1080),
(497, 13, 'OC', '2022', 495000),
(498, 13, 'ME', '2022', 288000),
(499, 14, 'EU', '2022', 118750), 
(500, 14, 'AS', '2022', 90000),
(501, 14, 'SA', '2022', 241500),
(502, 14, 'AF', '2022', 1260),
(503, 14, 'OC', '2022', 577500),
(504, 14, 'ME', '2022', 352000),
(505, 15, 'EU', '2022', 131000), 
(506, 15, 'AS', '2022', 104500),
(507, 15, 'SA', '2022', 253000),
(508, 15, 'AF', '2022', 1320),
(509, 15, 'OC', '2022', 522500),
(510, 15, 'ME', '2022', 368000),
(511, 16, 'EU', '2022', 137500), 
(512, 16, 'AS', '2022', 85500),
(513, 16, 'SA', '2022', 207000),
(514, 16, 'AF', '2022', 1080),
(515, 16, 'OC', '2022', 495000),
(516, 16, 'ME', '2022', 304000),
(517, 17, 'EU', '2022', 112500), 
(518, 17, 'AS', '2022', 104500),
(519, 17, 'SA', '2022', 241500),
(520, 17, 'AF', '2022', 1320),
(521, 17, 'OC', '2022', 522500),
(522, 17, 'ME', '2022', 304000),
(523, 18, 'EU', '2022', 131000), 
(524, 18, 'AS', '2022', 90000),
(525, 18, 'SA', '2022', 218500),
(526, 18, 'AF', '2022', 1260),
(527, 18, 'OC', '2022', 467500),
(528, 18, 'ME', '2022', 352000),
(529, 19, 'EU', '2022', 118750), 
(530, 19, 'AS', '2022', 100000),
(531, 19, 'SA', '2022', 253000),
(532, 19, 'AF', '2022', 1140),
(533, 19, 'OC', '2022', 522500),
(534, 19, 'ME', '2022', 304000),
(535, 20, 'EU', '2022', 140000),
(536, 20, 'AS', '2022', 90000),
(537, 20, 'SA', '2022', 207000),
(538, 20, 'AF', '2022', 1260),
(539, 20, 'OC', '2022', 495000),
(540, 20, 'ME', '2022', 288000),
(541, 21, 'EU', '2022', 112500), 
(542, 21, 'AS', '2022', 85500),
(543, 21, 'SA', '2022', 241500),
(544, 21, 'AF', '2022', 1320),
(545, 21, 'OC', '2022', 522500),
(546, 21, 'ME', '2022', 304000),
(547, 22, 'EU', '2022', 131000), 
(548, 22, 'AS', '2022', 100000),
(549, 22, 'SA', '2022', 218500),
(550, 22, 'AF', '2022', 1140),
(551, 22, 'OC', '2022', 467500),
(552, 22, 'ME', '2022', 368000),
(553, 23, 'EU', '2022', 118750), 
(554, 23, 'AS', '2022', 104500),
(555, 23, 'SA', '2022', 218500),
(556, 23, 'AF', '2022', 1320),
(557, 23, 'OC', '2022', 522500),
(558, 23, 'ME', '2022', 304000),
(559, 24, 'EU', '2022', 137500), 
(560, 24, 'AS', '2022', 85500),
(561, 24, 'SA', '2022', 207000),
(562, 24, 'AF', '2022', 1080),
(563, 24, 'OC', '2022', 495000),
(564, 24, 'ME', '2022', 288000),
(565, 25, 'EU', '2022', 131000), 
(566, 25, 'AS', '2022', 100000),
(567, 25, 'SA', '2022', 253000),
(568, 25, 'AF', '2022', 1260),
(569, 25, 'OC', '2022', 522500),
(570, 25, 'ME', '2022', 352000),
(571, 26, 'EU', '2022', 118750), 
(572, 26, 'AS', '2022', 104500),
(573, 26, 'SA', '2022', 207000),
(574, 21, 'AF', '2022', 1140),
(575, 26, 'OC', '2022', 495000),
(576, 26, 'ME', '2022', 304000),
(577, 27, 'EU', '2022', 137500), 
(578, 27, 'AS', '2022', 85500),
(579, 27, 'SA', '2022', 241500),
(580, 27, 'AF', '2022', 1320),
(581, 27, 'OC', '2022', 522500),
(582, 27, 'ME', '2022', 368000),
(583, 28, 'EU', '2022', 112500), 
(584, 28, 'AS', '2022', 90000),
(585, 28, 'SA', '2022', 218500),
(586, 28, 'AF', '2022', 1080),
(587, 28, 'OC', '2022', 495000),
(588, 28, 'ME', '2022', 352000),
(589, 29, 'EU', '2022', 131000), 
(590, 29, 'AS', '2022', 85500),
(591, 29, 'SA', '2022', 207000),
(592, 29, 'AF', '2022', 1080),
(593, 29, 'OC', '2022', 467500),
(594, 29, 'ME', '2022', 288000),
(595, 30, 'EU', '2022', 118750), 
(596, 30, 'AS', '2022', 100000),
(597, 30, 'SA', '2022', 253000),
(598, 30, 'AF', '2022', 1320),
(599, 30, 'OC', '2022', 605000),
(600, 30, 'ME', '2022', 352000),
(601, 31, 'EU', '2022', 112500), 
(602, 31, 'AS', '2022', 90000),
(603, 31, 'SA', '2022', 207000),
(604, 31, 'AF', '2022', 1080),
(605, 31, 'OC', '2022', 495000),
(606, 31, 'ME', '2022', 288000),
(607, 32, 'EU', '2022', 137500), 
(608, 32, 'AS', '2022', 100000),
(609, 32, 'SA', '2022', 241500),
(610, 32, 'AF', '2022', 1260),
(611, 32, 'OC', '2022', 522500),
(612, 32, 'ME', '2022', 352000),
(613, 1, 'EU', '2024', 149000),    --Year 2024, Each Car Based region
(614, 1, 'AS', '2024', 94000),
(615, 1, 'SA', '2024', 258000),
(616, 1, 'AF', '2024', 1200),
(617, 1, 'OC', '2024', 470000),
(618, 1, 'ME', '2024', 374000),
(619, 2, 'EU', '2024', 124000),
(620, 2, 'AS', '2024', 104000),
(621, 2, 'SA', '2024', 21000),
(622, 2, 'AF', '2024', 2600),
(623, 2, 'OC', '2024', 52000),
(624, 2, 'ME', '2024', 29500),
(625, 3, 'EU', '2024', 128000),
(626, 3, 'AS', '2024', 64000),
(627, 3, 'SA', '2024', 70000),
(628, 3, 'AF', '2024', 64000),
(629, 3, 'OC', '2024', 47000),
(630, 3, 'ME', '2024', 2900),
(631, 4, 'EU', '2024', 121000), 
(632, 4, 'AS', '2024', 92000),
(633, 4, 'SA', '2024', 212000),
(634, 4, 'AF', '2024', 1200),
(635, 4, 'OC', '2024', 560000),
(636, 4, 'ME', '2024', 315000),
(637, 5, 'EU', '2024', 136000), 
(638, 5, 'AS', '2024', 96000),
(639, 5, 'SA', '2024', 232000),
(640, 5, 'AF', '2024', 1400),
(641, 5, 'OC', '2024', 505000),
(642, 5, 'ME', '2024', 354000),
(643, 6, 'EU', '2024', 125000), 
(644, 6, 'AS', '2024', 98000),
(645, 6, 'SA', '2024', 215000),
(646, 6, 'AF', '2024', 1400),
(647, 6, 'OC', '2024', 540000),
(648, 6, 'ME', '2024', 360000),
(649, 7, 'EU', '2024', 118000), 
(650, 7, 'AS', '2024', 99000),
(651, 7, 'SA', '2024', 250000),
(652, 7, 'AF', '2024', 1200),
(653, 7, 'OC', '2024', 505000),
(654, 7, 'ME', '2024', 312000),
(655, 8, 'EU', '2024', 142000), 
(656, 8, 'AS', '2024', 83000),
(657, 8, 'SA', '2024', 214000),
(658, 8, 'AF', '2024', 1180),
(659, 8, 'OC', '2024', 540000),
(660, 8, 'ME', '2024', 296000),
(661, 9, 'EU', '2024', 135000), 
(662, 9, 'AS', '2024', 101000),
(663, 9, 'SA', '2024', 265000),
(664, 9, 'AF', '2024', 1260),
(665, 9, 'OC', '2024', 505000),
(666, 9, 'ME', '2024', 300000),
(667, 10, 'EU', '2024', 125000),
(668, 10, 'AS', '2024', 94000),
(669, 10, 'SA', '2024', 225000),
(670, 10, 'AF', '2024', 1180),
(671, 10, 'OC', '2024', 540000),
(672, 10, 'ME', '2024', 322000),
(673, 11, 'EU', '2024', 126000), 
(674, 11, 'AS', '2024', 95000),
(675, 11, 'SA', '2024', 235000),
(676, 11, 'AF', '2024', 1200),
(677, 11, 'OC', '2024', 565000),
(678, 11, 'ME', '2024', 297000),
(679, 12, 'EU', '2024', 148000), 
(680, 12, 'AS', '2024', 83000),
(681, 12, 'SA', '2024', 245000),
(682, 12, 'AF', '2024', 1250),
(683, 12, 'OC', '2024', 590000),
(684, 12, 'ME', '2024', 352000),
(685, 13, 'EU', '2024', 145000), 
(686, 13, 'AS', '2024', 98000),
(687, 13, 'SA', '2024', 210000),
(688, 13, 'AF', '2024', 1140),
(689, 13, 'OC', '2024', 515000),
(690, 13, 'ME', '2024', 300000),
(691, 14, 'EU', '2024', 115000), 
(692, 14, 'AS', '2024', 89000),
(693, 14, 'SA', '2024', 248000),
(694, 14, 'AF', '2024', 1200),
(695, 14, 'OC', '2024', 560000),
(696, 14, 'ME', '2024', 336000),
(697, 15, 'EU', '2024', 146000), 
(698, 15, 'AS', '2024', 102000),
(699, 15, 'SA', '2024', 260000),
(700, 15, 'AF', '2024', 1250),
(701, 15, 'OC', '2024', 505000),
(702, 15, 'ME', '2024', 380000),
(703, 16, 'EU', '2024', 126000), 
(704, 16, 'AS', '2024', 82000),
(705, 16, 'SA', '2024', 216000),
(706, 16, 'AF', '2024', 1100),
(707, 16, 'OC', '2024', 515000),
(708, 16, 'ME', '2024', 296000),
(709, 17, 'EU', '2024', 120000), 
(710, 17, 'AS', '2024', 98000),
(711, 17, 'SA', '2024', 250000),
(712, 17, 'AF', '2024', 1180),
(713, 17, 'OC', '2024', 505000),
(714, 17, 'ME', '2024', 315000),
(715, 18, 'EU', '2024', 131000), 
(716, 18, 'AS', '2024', 86000),
(717, 18, 'SA', '2024', 210000),
(718, 18, 'AF', '2024', 1180),
(719, 18, 'OC', '2024', 560000),
(720, 18, 'ME', '2024', 340000),
(721, 19, 'EU', '2024', 122000), 
(722, 19, 'AS', '2024', 90000),
(723, 19, 'SA', '2024', 264000),
(724, 19, 'AF', '2024', 1200),
(725, 19, 'OC', '2024', 540000),
(726, 19, 'ME', '2024', 298000),
(727, 20, 'EU', '2024', 151000),
(728, 20, 'AS', '2024', 95000),
(729, 20, 'SA', '2024', 200000),
(730, 20, 'AF', '2024', 1200),
(731, 20, 'OC', '2024', 505000),
(732, 20, 'ME', '2024', 300000),
(733, 21, 'EU', '2024', 118000), 
(734, 21, 'AS', '2024', 90000),
(735, 21, 'SA', '2024', 248000),
(736, 21, 'AF', '2024', 1200),
(737, 21, 'OC', '2024', 515000),
(738, 21, 'ME', '2024', 320000),
(739, 22, 'EU', '2024', 136000), 
(740, 22, 'AS', '2024', 97000),
(741, 22, 'SA', '2024', 228000),
(742, 22, 'AF', '2024', 1250),
(743, 22, 'OC', '2024', 480000),
(744, 22, 'ME', '2024', 355000),
(745, 23, 'EU', '2024', 122000), 
(746, 23, 'AS', '2024', 98000),
(747, 23, 'SA', '2024', 226000),
(748, 23, 'AF', '2024', 1200),
(749, 23, 'OC', '2024', 505000),
(750, 23, 'ME', '2024', 300000),
(751, 24, 'EU', '2024', 142000), 
(752, 24, 'AS', '2024', 83000),
(753, 24, 'SA', '2024', 210000),
(754, 24, 'AF', '2024', 1150),
(755, 24, 'OC', '2024', 515000),
(756, 24, 'ME', '2024', 296000),
(757, 25, 'EU', '2024', 136000), 
(758, 25, 'AS', '2024', 99000),
(759, 25, 'SA', '2024', 260000),
(760, 25, 'AF', '2024', 1200),
(761, 25, 'OC', '2024', 540000),
(762, 25, 'ME', '2024', 330000),
(763, 26, 'EU', '2024', 120000), 
(764, 26, 'AS', '2024', 101000),
(765, 26, 'SA', '2024', 215000),
(766, 26, 'AF', '2024', 1180),
(767, 26, 'OC', '2024', 505000),
(768, 26, 'ME', '2024', 344000),
(769, 27, 'EU', '2024', 145000), 
(770, 27, 'AS', '2024', 83000),
(771, 27, 'SA', '2024', 236000),
(772, 27, 'AF', '2024', 1180),
(773, 27, 'OC', '2024', 540000),
(774, 27, 'ME', '2024', 350000),
(775, 28, 'EU', '2024', 114000), 
(776, 28, 'AS', '2024', 82000),
(777, 28, 'SA', '2024', 260000),
(778, 28, 'AF', '2024', 1000),
(779, 28, 'OC', '2024', 470000),
(780, 28, 'ME', '2024', 340000),
(781, 29, 'EU', '2024', 145000), 
(782, 29, 'AS', '2024', 82000),
(783, 29, 'SA', '2024', 210000),
(784, 29, 'AF', '2024', 1000),
(785, 29, 'OC', '2024', 455000),
(786, 29, 'ME', '2024', 275000),
(787, 30, 'EU', '2024', 116000),
(788, 30, 'AS', '2024', 101000),
(789, 30, 'SA', '2024', 265000),
(790, 30, 'AF', '2024', 1260),
(791, 30, 'OC', '2024', 590000),
(792, 30, 'ME', '2024', 360000),
(793, 31, 'EU', '2024', 114000), 
(794, 31, 'AS', '2024', 82000),
(795, 31, 'SA', '2024', 210000),
(796, 31, 'AF', '2024', 1000),
(797, 31, 'OC', '2024', 470000),
(798, 31, 'ME', '2024', 300000),
(799, 32, 'EU', '2024', 149000), 
(800, 32, 'AS', '2024', 98000),
(801, 32, 'SA', '2024', 260000),
(802, 32, 'AF', '2024', 1200),
(803, 32, 'OC', '2024', 505000),
(804, 32, 'ME', '2024', 340000);


INSERT INTO SALES (Sales_ID, Model_ID, Region_ID, Sales_Year, Units_Sold)
VALUES
(1, 1, 'NA', '2023', 310000),
(2, 2, 'NA', '2023', 290000),
(3, 3, 'NA', '2023', 410000),
(4, 4, 'EU', '2023', 220000),
(5, 5, 'EU', '2023', 260000),
(6, 6, 'AS', '2023', 200000),
(7, 7, 'AS', '2023', 200000),
(8, 8, 'EU', '2023', 230000),
(9, 9, 'EU', '2023', 230000),
(10, 10, 'NA', '2023', 180000),
(11, 11, 'AS', '2023', 210000),
(12, 12, 'EU', '2023', 160000),
(13, 13, 'AS', '2023', 290000),
(14, 14, 'NA', '2023', 240000),
(15, 15, 'NA', '2023', 350000),
(16, 16, 'EU', '2023', 320000),
(17, 17, 'AS', '2023', 200000),
(18, 18, 'NA', '2023', 220000),
(19, 19, 'EU', '2023', 190000),
(20, 20, 'AS', '2023', 170000),
(21, 21, 'NA', '2023', 380000),
(22, 22, 'SA', '2023', 160000),
(23, 23, 'EU', '2023', 140000),
(24, 24, 'AF', '2023', 130000),
(25, 25, 'NA', '2023', 180000),
(26, 26, 'NA', '2023', 200000),
(27, 27, 'EU', '2023', 130000),
(28, 28, 'EU', '2023', 4500),
(29, 29, 'NA', '2023', 3500),
(30, 30, 'AS', '2023', 5000),
(31, 31, 'EU', '2023', 500),
(32, 32, 'ME', '2023', 100);