#MySQL Workbench Version

-- INSERT VALUES
INSERT INTO MANUFACTURER (Manufacturer_ID, Name, Country, YearFounded, Revenue) VALUES
(1, 'Toyota', 'Japan', '1937', 275),
(2, 'Ford', 'USA', '1903', 160),
(3, 'Volkswagen', 'Germany', '1937', 300),
(4, 'Hyundai', 'South Korea', '1967', 300),
(5, 'BMW', 'Germany', '1916', 150),
(6, 'Mercedes-Benz', 'Germany', '1926', 155),
(7, 'Honda', 'Japan', '1948', 140),
(8, 'Tesla', 'USA', '2003', 95),
(9, 'Nissan', 'Japan', '1933', 90),
(10, 'Kia', 'South Korea', '1944', 80),
(11, 'Chevrolet', 'USA', '1911', 130),
(12, 'Peugeot', 'France', '1810', 70),
(13, 'Dodge', 'USA', '1900', 75),
(14, 'McLaren', 'United Kingdom', '1963', 25),
(15, 'Bugatti', 'France', '1909', 20);


INSERT INTO REGION (Region_ID, Name) 
VALUES
('NA','North America'),
('EU', 'Europe'),
('AS', 'Asia'),
('SA', 'South America'),
('AF', 'Africa'),
('OC', 'Oceania'),
('ME', 'Middle East');

INSERT INTO CAR (CarModel_ID, Manufacturer_ID, CarModel_Name, Type, LaunchYear, Price) VALUES
(1, 1, 'Corolla', 'Sedan', '1968', 22000),
(2, 1, 'RAV4', 'SUV', '1995', 29000),
(3, 2, 'F-150','Truck', '1975', 41000),
(4, 2, 'Mustang', 'Coupe', '1964', 37000),
(5, 3, 'Golf', 'Hatchback', '1975', 25000),
(6, 3, 'Tiguan', 'SUV', '2008', 32000),
(7, 4, 'Sonata', 'Sedan', '1988', 24000),
(8, 4, 'Tucson', 'SUV', '2005', 28000),
(9, 5, '3 Series', 'Sedan', '1976', 42000),
(10, 5, 'X5', 'SUV', '2000', 42000),
(11, 6, 'C-Class', 'Sedan', '1994', 43000),
(12, 6, 'GLE', 'SUV', '2016', 65000),
(13, 7, 'Civic', 'Sedan', '1973', 23000),
(14, 7, 'CR-V', 'SUV', '1997', 29000),
(15, 8, 'Model 3', 'Sedan', '2017', 40000),
(16, 8, 'Model Y', 'SUV', '2020', 48000),
(17, 9, 'Altima', 'Sedan', '1993', 28000),
(18, 9, 'Rogue', 'SUV', '2008', 28000),
(19, 10, 'Sportage', 'SUV', '1995', 27000),
(20, 10, 'K5', 'Sedan', '2021', 25000),
(21, 11, 'Silverado', 'Truck', '1999', 43000),
(22, 11, 'Malibu', 'Sedan', '1964', 23000),
(23, 12, '208', 'Hatchback', '2019', 21000),
(24, 12, '3008', 'SUV', '2016', 31000),
(25, 13, 'Challenger', 'Coupe', '1970', 35000),
(26, 13, 'Charger', 'Sedan', '1966', 37000),
(27, 13, 'Durango', 'SUV', '1998', 42000),
(28, 14, '720S', 'Supercar', '2017', 300000),
(29, 14, 'Artura', 'Hybrid Supercar', '2023', 250000),
(30, 14, 'GT', 'Grand Tourer', '2020', 210000),
(31, 15, 'Chiron', 'Hypercar', '2017', 300000),
(32, 15, 'Divo', 'Hypercar', '2019', 5800000);

--Year 2020, Each Car Based region
INSERT INTO SALES (Sales_ID, CarModel_ID, Region_ID, Year, Units_Sold) VALUES
(1, 1, 'EU', '2020', 118200),  
(2, 1, 'AS', '2020', 133500),
(3, 1, 'SA', '2020', 21900),
(4, 1, 'AF', '2020', 1080),
(5, 1, 'OC', '2020', 61000),
(6, 1, 'ME', '2020', 28800),
(7, 2, 'EU', '2020', 88000), 
(8, 2, 'AS', '2020', 99000),
(9, 2, 'SA', '2020', 22400),
(10, 2, 'AF', '2020', 2475),
(11, 2, 'OC', '2020', 47000),
(12, 2, 'ME', '2020', 28100),
(13, 3, 'EU', '2020', 69300), 
(14, 3, 'AS', '2020', 2300),
(15, 3, 'SA', '2020', 1700),
(16, 3, 'AF', '2020', 1150),
(17, 3, 'OC', '2020', 31000),
(18, 3, 'ME', '2020', 2720),
(19, 4, 'EU', '2020', 45000), 
(20, 4, 'AS', '2020', 1800),
(21, 4, 'SA', '2020', 22000),
(22, 4, 'AF', '2020', 1620),
(23, 4, 'OC', '2020', 44000),
(24, 4, 'ME', '2020', 18000),
(25, 5, 'EU', '2020', 167400), 
(26, 5, 'AS', '2020', 21400),
(27, 5, 'SA', '2020', 12350),
(28, 5, 'AF', '2020', 3520),
(29, 5, 'OC', '2020', 50600),
(30, 5, 'ME', '2020', 39600),
(31, 6, 'EU', '2020', 217000), 
(32, 6, 'AS', '2020', 31500),
(33, 6, 'SA', '2020', 26100),
(34, 6, 'AF', '2020', 2025),
(35, 6, 'OC', '2020', 495000),
(36, 6, 'ME', '2020', 360000),
(37, 7, 'EU', '2020', 112500), 
(38, 7, 'AS', '2020', 103500),
(39, 7, 'SA', '2020', 253000),
(40, 7, 'AF', '2020', 1320),
(41, 7, 'OC', '2020', 495000),
(42, 7, 'ME', '2020', 352000),
(43, 8, 'EU', '2020', 137500), 
(44, 8, 'AS', '2020', 85500),
(45, 8, 'SA', '2020', 207000),
(46, 8, 'AF', '2020', 1320),
(47, 8, 'OC', '2020', 522500),
(48, 8, 'ME', '2020', 304000),
(49, 9, 'EU', '2020', 113000),
(50, 9, 'AS', '2020', 104500),
(51, 9, 'SA', '2020', 253000),
(52, 9, 'AF', '2020', 1320),
(53, 9, 'OC', '2020', 495000),
(54, 9, 'ME', '2020', 288000),
(55, 10, 'EU', '2020', 118750), 
(56, 10, 'AS', '2020', 100000),
(57, 10, 'SA', '2020', 218500),
(58, 10, 'AF', '2020', 1260),
(59, 10, 'OC', '2020', 522500),
(60, 10, 'ME', '2020', 336000),
(61, 11, 'EU', '2020', 131000),
(62, 11, 'AS', '2020', 90000),
(63, 11, 'SA', '2020', 241500),
(64, 11, 'AF', '2020', 1140),
(65, 11, 'OC', '2020', 577500),
(66, 11, 'ME', '2020', 304000),
(67, 12, 'EU', '2020', 140000), 
(68, 12, 'AS', '2020', 86000),
(69, 12, 'SA', '2020', 253000),
(70, 12, 'AF', '2020', 1320),
(71, 12, 'OC', '2020', 467500),
(72, 12, 'ME', '2020', 272000),
(73, 13, 'EU', '2020', 137500), 
(74, 13, 'AS', '2020', 104500),
(75, 13, 'SA', '2020', 207000),
(76, 13, 'AF', '2020', 1320),
(77, 13, 'OC', '2020', 522500),
(78, 13, 'ME', '2020', 352000),
(79, 14, 'EU', '2020', 118750), 
(80, 14, 'AS', '2020', 85500),
(81, 14, 'SA', '2020', 241500),
(82, 14, 'AF', '2020', 1260),
(83, 14, 'OC', '2020', 522500),
(84, 14, 'ME', '2020', 304000),
(85, 15, 'EU', '2020', 140000), 
(86, 15, 'AS', '2020', 104500),
(87, 15, 'SA', '2020', 253000),
(88, 15, 'AF', '2020', 1320),
(89, 15, 'OC', '2020', 522500),
(90, 15, 'ME', '2020', 368000),
(100, 16, 'EU', '2020', 131000), 
(101, 16, 'AS', '2020', 86000),
(102, 16, 'SA', '2020', 207000),
(103, 16, 'AF', '2020', 1140),
(104, 16, 'OC', '2020', 467500),
(105, 16, 'ME', '2020', 288000),
(106, 17, 'EU', '2020', 112500), 
(107, 17, 'AS', '2020', 104500),
(108, 17, 'SA', '2020', 241500),
(109, 17, 'AF', '2020', 1260),
(110, 17, 'OC', '2020', 522500),
(111, 17, 'ME', '2020', 304000),
(112, 18, 'EU', '2020', 137500), 
(113, 18, 'AS', '2020', 90000),
(114, 18, 'SA', '2020', 218500),
(115, 18, 'AF', '2020', 1260),
(116, 18, 'OC', '2020', 577500),
(117, 18, 'ME', '2020', 352000),
(118, 19, 'EU', '2020', 118750), 
(119, 19, 'AS', '2020', 85500),
(120, 19, 'SA', '2020', 253000),
(121, 19, 'AF', '2020', 1140),
(122, 19, 'OC', '2020', 522500),
(123, 19, 'ME', '2020', 336000),
(124, 20, 'EU', '2020', 140000),
(125, 20, 'AS', '2020', 100000),
(126, 20, 'SA', '2020', 207000),
(127, 20, 'AF', '2020', 1320),
(128, 20, 'OC', '2020', 495000),
(129, 20, 'ME', '2020', 288000),
(130, 21, 'EU', '2020', 112500), 
(131, 21, 'AS', '2020', 86000),
(132, 21, 'SA', '2020', 253000),
(133, 21, 'AF', '2020', 1260),
(134, 21, 'OC', '2020', 522500),
(135, 21, 'ME', '2020', 304000),
(136, 22, 'EU', '2020', 131000), 
(137, 22, 'AS', '2020', 85500),
(138, 22, 'SA', '2020', 241500),
(139, 22, 'AF', '2020', 1140),
(140, 22, 'OC', '2020', 467500),
(141, 22, 'ME', '2020', 368000),
(142, 23, 'EU', '2020', 118750), 
(143, 23, 'AS', '2020', 104500),
(144, 23, 'SA', '2020', 218500),
(145, 23, 'AF', '2020', 1320),
(146, 23, 'OC', '2020', 522500),
(147, 23, 'ME', '2020', 304000),
(148, 24, 'EU', '2020', 137500), 
(149, 24, 'AS', '2020', 90000),
(150, 24, 'SA', '2020', 207000),
(151, 24, 'AF', '2020', 1260),
(152, 24, 'OC', '2020', 577500),
(153, 24, 'ME', '2020', 352000),
(154, 25, 'EU', '2020', 131000), 
(155, 25, 'AS', '2020', 100000),
(156, 25, 'SA', '2020', 253000),
(157, 25, 'AF', '2020', 1140),
(158, 25, 'OC', '2020', 522500),
(159, 25, 'ME', '2020', 288000),
(160, 26, 'EU', '2020', 118750), 
(161, 26, 'AS', '2020', 104500),
(162, 26, 'SA', '2020', 207000),
(163, 21, 'AF', '2020', 1260),
(164, 26, 'OC', '2020', 495000),
(165, 26, 'ME', '2020', 352000),
(166, 27, 'EU', '2020', 137500), 
(167, 27, 'AS', '2020', 85500),
(168, 27, 'SA', '2020', 241500),
(169, 27, 'AF', '2020', 1140),
(170, 27, 'OC', '2020', 522500),
(171, 27, 'ME', '2020', 368000),
(172, 28, 'EU', '2020', 112500), 
(173, 28, 'AS', '2020', 85500),
(174, 28, 'SA', '2020', 253000),
(175, 28, 'AF', '2020', 1080),
(176, 28, 'OC', '2020', 495000),
(177, 28, 'ME', '2020', 352000),
(178, 29, 'EU', '2020', 137500), 
(179, 29, 'AS', '2020', 85500),
(180, 29, 'SA', '2020', 207000),
(181, 29, 'AF', '2020', 1080),
(182, 29, 'OC', '2020', 495000),
(183, 29, 'ME', '2020', 288000),
(184, 30, 'EU', '2020', 112500), 
(185, 30, 'AS', '2020', 104500),
(186, 30, 'SA', '2020', 253000),
(187, 30, 'AF', '2020', 1320),
(188, 30, 'OC', '2020', 605000),
(189, 30, 'ME', '2020', 352000),
(190, 31, 'EU', '2020', 112500), 
(191, 31, 'AS', '2020', 85500),
(192, 31, 'SA', '2020', 207000),
(193, 31, 'AF', '2020', 1080),
(194, 31, 'OC', '2020', 495000),
(195, 31, 'ME', '2020', 288000),
(196, 32, 'EU', '2020', 137500), 
(197, 32, 'AS', '2020', 104500),
(198, 32, 'SA', '2020', 253000),
(199, 32, 'AF', '2020', 1320),
(200, 32, 'OC', '2020', 467500),
(201, 32, 'ME', '2020', 352000);

--Year 2021, Each Car Based region
INSERT INTO SALES (Sales_ID, CarModel_ID, Region_ID, Year, Units_Sold) VALUES
(202, 1, 'EU', '2021', 107195),
(203, 1, 'AS', '2021', 162717),
(204, 1, 'SA', '2021', 16478),
(205, 1, 'AF', '2021', 1222),
(206, 1, 'OC', '2021', 59804),
(207, 1, 'ME', '2021', 30671),
(208, 2, 'EU', '2021', 76181),
(209, 2, 'AS', '2021', 83976),
(210, 2, 'SA', '2021', 19837),
(211, 2, 'AF', '2021', 3494),
(212, 2, 'OC', '2021', 67673),
(213, 2, 'ME', '2021', 33171),
(214, 3, 'EU', '2021', 86155),
(215, 3, 'AS', '2021', 1998),
(216, 3, 'SA', '2021', 1628),
(217, 3, 'AF', '2021', 1221),
(218, 3, 'OC', '2021', 43707),
(219, 3, 'ME', '2021', 3670),
(220, 4, 'EU', '2021', 34036),
(221, 4, 'AS', '2021', 2041),
(222, 4, 'SA', '2021', 14166),
(223, 4, 'AF', '2021', 1045),
(224, 4, 'OC', '2021', 35641),
(225, 4, 'ME', '2021', 17188),
(226, 5, 'EU', '2021', 105935),
(227, 5, 'AS', '2021', 15072),
(228, 5, 'SA', '2021', 14060),
(229, 5, 'AF', '2021', 3373),
(230, 5, 'OC', '2021', 63814),
(231, 5, 'ME', '2021', 56309),
(232, 6, 'EU', '2021', 185074),
(233, 6, 'AS', '2021', 26430),
(234, 6, 'SA', '2021', 36489),
(235, 6, 'AF', '2021', 2970),
(236, 6, 'OC', '2021', 539196),
(237, 6, 'ME', '2021', 444613),
(238, 7, 'EU', '2021', 137570),
(239, 7, 'AS', '2021', 64262),
(240, 7, 'SA', '2021', 357219),
(241, 7, 'AF', '2021', 1332),
(242, 7, 'OC', '2021', 455015),
(243, 7, 'ME', '2021', 277495),
(244, 8, 'EU', '2021', 143046),
(245, 8, 'AS', '2021', 105372),
(246, 8, 'SA', '2021', 23463),
(247, 8, 'AF', '2021', 1617),
(248, 8, 'OC', '2021', 62366),
(249, 8, 'ME', '2021', 42100),
(250, 9, 'EU', '2021', 146313),
(251, 9, 'AS', '2021', 72390),
(252, 9, 'SA', '2021', 351124),
(253, 9, 'AF', '2021', 1386),
(254, 9, 'OC', '2021', 635421),
(255, 9, 'ME', '2021', 416350),
(256, 10, 'EU', '2021', 144691),
(257, 10, 'AS', '2021', 92295),
(258, 10, 'SA', '2021', 20534),
(259, 10, 'AF', '2021', 1675),
(260, 10, 'OC', '2021', 487244),
(261, 10, 'ME', '2021', 311367),
(262, 11, 'EU', '2021', 149719),
(263, 11, 'AS', '2021', 90975),
(264, 11, 'SA', '2021', 149102),
(265, 11, 'AF', '2021', 1710),
(266, 11, 'OC', '2021', 604838),
(267, 11, 'ME', '2021', 223877),
(268, 12, 'EU', '2021', 184744),
(269, 12, 'AS', '2021', 50610),
(270, 12, 'SA', '2021', 160949),
(271, 12, 'AF', '2021', 1405),
(272, 12, 'OC', '2021', 63433),
(273, 12, 'ME', '2021', 272590),
(274, 13, 'EU', '2021', 128149),
(275, 13, 'AS', '2021', 68265),
(276, 13, 'SA', '2021', 151939),
(277, 13, 'AF', '2021', 1362),
(278, 13, 'OC', '2021', 585848),
(279, 13, 'ME', '2021', 469965),
(280, 14, 'EU', '2021', 146229),
(281, 14, 'AS', '2021', 65529),
(282, 14, 'SA', '2021', 283733),
(283, 14, 'AF', '2021', 1736),
(284, 14, 'OC', '2021', 622662),
(285, 14, 'ME', '2021', 360610),
(286, 15, 'EU', '2021', 140779),
(287, 15, 'AS', '2021', 138160),
(288, 15, 'SA', '2021', 231397),
(289, 15, 'AF', '2021', 1707),
(290, 15, 'OC', '2021', 530729),
(291, 15, 'ME', '2021', 462625),
(292, 16, 'EU', '2021', 116035),
(293, 16, 'AS', '2021', 122247),
(294, 16, 'SA', '2021', 139216),
(295, 16, 'AF', '2021', 1719),
(296, 16, 'OC', '2021', 482642),
(297, 16, 'ME', '2021', 288476),
(298, 17, 'EU', '2021', 137090),
(299, 17, 'AS', '2021', 106995),
(300, 17, 'SA', '2021', 172430),
(301, 17, 'AF', '2021', 1536),
(302, 17, 'OC', '2021', 743317),
(303, 17, 'ME', '2021', 322995),
(304, 18, 'EU', '2021', 136561),
(305, 18, 'AS', '2021', 106173),
(306, 18, 'SA', '2021', 307948),
(307, 18, 'AF', '2021', 1783),
(308, 18, 'OC', '2021', 783960),
(309, 18, 'ME', '2021', 336640),
(310, 19, 'EU', '2021', 141281),
(311, 19, 'AS', '2021', 49774),
(312, 19, 'SA', '2021', 282634),
(313, 19, 'AF', '2021', 1510),
(314, 19, 'OC', '2021', 588597),
(315, 19, 'ME', '2021', 349392),
(316, 20, 'EU', '2021', 196035),
(317, 20, 'AS', '2021', 94547),
(318, 20, 'SA', '2021', 250017),
(319, 20, 'AF', '2021', 1478),
(320, 20, 'OC', '2021', 676212),
(321, 20, 'ME', '2021', 328896),
(322, 21, 'EU', '2021', 127666),
(323, 21, 'AS', '2021', 49306),
(324, 21, 'SA', '2021', 354259),
(325, 21, 'AF', '2021', 1474),
(326, 21, 'OC', '2021', 493115),
(327, 21, 'ME', '2021', 447565),
(328, 22, 'EU', '2021', 152019),
(329, 22, 'AS', '2021', 89081),
(330, 22, 'SA', '2021', 203253),
(331, 22, 'AF', '2021', 1411),
(332, 22, 'OC', '2021', 431328),
(333, 22, 'ME', '2021', 309066),
(334, 23, 'EU', '2021', 99882),
(335, 23, 'AS', '2021', 99548),
(336, 23, 'SA', '2021', 269927),
(337, 23, 'AF', '2021', 1653),
(338, 23, 'OC', '2021', 683495),
(339, 23, 'ME', '2021', 363270),
(340, 24, 'EU', '2021', 182566),
(341, 24, 'AS', '2021', 77783),
(342, 24, 'SA', '2021', 207889),
(343, 24, 'AF', '2021', 1722),
(344, 24, 'OC', '2021', 545829),
(345, 24, 'ME', '2021', 279090),
(346, 25, 'EU', '2021', 169335),
(347, 25, 'AS', '2021', 72789),
(348, 25, 'SA', '2021', 149730),
(349, 25, 'AF', '2021', 1186),
(350, 25, 'OC', '2021', 561250),
(351, 25, 'ME', '2021', 361065),
(352, 26, 'EU', '2021', 154112),
(353, 26, 'AS', '2021', 118023),
(354, 26, 'SA', '2021', 318218),
(355, 26, 'AF', '2021', 1751),
(356, 26, 'OC', '2021', 611464),
(357, 26, 'ME', '2021', 468789),
(358, 27, 'EU', '2021', 125226),
(359, 27, 'AS', '2021', 84087),
(360, 27, 'SA', '2021', 179928),
(361, 27, 'AF', '2021', 1318),
(362, 27, 'OC', '2021', 417447),
(363, 27, 'ME', '2021', 476662),
(364, 28, 'EU', '2021', 168790),
(365, 28, 'AS', '2021', 94561),
(366, 28, 'SA', '2021', 267166),
(367, 28, 'AF', '2021', 1432),
(368, 28, 'OC', '2021', 606763),
(369, 28, 'ME', '2021', 331571),
(370, 29, 'EU', '2021', 117074),
(371, 29, 'AS', '2021', 71633),
(372, 29, 'SA', '2021', 287394),
(373, 29, 'AF', '2021', 1307),
(374, 29, 'OC', '2021', 480208),
(375, 29, 'ME', '2021', 311289),
(376, 30, 'EU', '2021', 160159),
(377, 30, 'AS', '2021', 93910),
(378, 30, 'SA', '2021', 172581),
(379, 30, 'AF', '2021', 1688),
(380, 30, 'OC', '2021', 664372),
(381, 30, 'ME', '2021', 454232),
(382, 31, 'EU', '2021', 150722),
(383, 31, 'AS', '2021', 115323),
(384, 31, 'SA', '2021', 152254),
(385, 31, 'AF', '2021', 1410),
(386, 31, 'OC', '2021', 536423),
(387, 31, 'ME', '2021', 351030),
(388, 32, 'EU', '2021', 152835),
(389, 32, 'AS', '2021', 143473),
(390, 32, 'SA', '2021', 351061),
(391, 32, 'AF', '2021', 1566),
(392, 32, 'OC', '2021', 331968),
(393, 32, 'ME', '2021', 397149);

--Year 2022, Each Car Based region
INSERT INTO SALES (Sales_ID, CarModel_ID, Region_ID, Year, Units_Sold) VALUES
(394, 1, 'EU', '2022', 121741),
(395, 1, 'AS', '2022', 104093),
(396, 1, 'SA', '2022', 29228),
(397, 1, 'AF', '2022', 1108),
(398, 1, 'OC', '2022', 74027),
(399, 1, 'ME', '2022', 34356),
(400, 2, 'EU', '2022', 108504),
(401, 2, 'AS', '2022', 94150),
(402, 2, 'SA', '2022', 22013),
(403, 2, 'AF', '2022', 2338),
(404, 2, 'OC', '2022', 57256),
(405, 2, 'ME', '2022', 38103),
(406, 3, 'EU', '2022', 81323),
(407, 3, 'AS', '2022', 3301),
(408, 3, 'SA', '2022', 2302),
(409, 3, 'AF', '2022', 1365),
(410, 3, 'OC', '2022', 37754),
(411, 3, 'ME', '2022', 3840),
(412, 4, 'EU', '2022', 64255),
(413, 4, 'AS', '2022', 2513),
(414, 4, 'SA', '2022', 31435),
(415, 4, 'AF', '2022', 1721),
(416, 4, 'OC', '2022', 67612),
(417, 4, 'ME', '2022', 20246),
(418, 5, 'EU', '2022', 177725),
(419, 5, 'AS', '2022', 18315),
(420, 5, 'SA', '2022', 16508),
(421, 5, 'AF', '2022', 4674),
(422, 5, 'OC', '2022', 61882),
(423, 5, 'ME', '2022', 52026),
(424, 6, 'EU', '2022', 214879),
(425, 6, 'AS', '2022', 36957),
(426, 6, 'SA', '2022', 35645),
(427, 6, 'AF', '2022', 2101),
(428, 6, 'OC', '2022', 590558),
(429, 6, 'ME', '2022', 432026),
(430, 7, 'EU', '2022', 139862),
(431, 7, 'AS', '2022', 79241),
(432, 7, 'SA', '2022', 295116),
(433, 7, 'AF', '2022', 1383),
(434, 7, 'OC', '2022', 738774),
(435, 7, 'ME', '2022', 289948),
(436, 8, 'EU', '2022', 143746),
(437, 8, 'AS', '2022', 111073),
(438, 8, 'SA', '2022', 26020),
(439, 8, 'AF', '2022', 1497),
(440, 8, 'OC', '2022', 72269),
(441, 8, 'ME', '2022', 37447),
(442, 9, 'EU', '2022', 151156),
(443, 9, 'AS', '2022', 58718),
(444, 9, 'SA', '2022', 350333),
(445, 9, 'AF', '2022', 1556),
(446, 9, 'OC', '2022', 611928),
(447, 9, 'ME', '2022', 365506),
(448, 10, 'EU', '2022', 173617),
(449, 10, 'AS', '2022', 109616),
(450, 10, 'SA', '2022', 22187),
(451, 10, 'AF', '2022', 1818),
(452, 10, 'OC', '2022', 520003),
(453, 10, 'ME', '2022', 293936),
(454, 11, 'EU', '2022', 164762),
(455, 11, 'AS', '2022', 122712),
(456, 11, 'SA', '2022', 290812),
(457, 11, 'AF', '2022', 1612),
(458, 11, 'OC', '2022', 708063),
(459, 11, 'ME', '2022', 308981),
(460, 12, 'EU', '2022', 166688),
(461, 12, 'AS', '2022', 89232),
(462, 12, 'SA', '2022', 347487),
(463, 12, 'AF', '2022', 1781),
(464, 12, 'OC', '2022', 72603),
(465, 12, 'ME', '2022', 283334),
(466, 13, 'EU', '2022', 178522),
(467, 13, 'AS', '2022', 53616),
(468, 13, 'SA', '2022', 198155),
(469, 13, 'AF', '2022', 1658),
(470, 13, 'OC', '2022', 706390),
(471, 13, 'ME', '2022', 347094),
(472, 14, 'EU', '2022', 121110),
(473, 14, 'AS', '2022', 98442),
(474, 14, 'SA', '2022', 351312),
(475, 14, 'AF', '2022', 1800),
(476, 14, 'OC', '2022', 613229),
(477, 14, 'ME', '2022', 304837),
(478, 15, 'EU', '2022', 158704),
(479, 15, 'AS', '2022', 116609),
(480, 15, 'SA', '2022', 309124),
(481, 15, 'AF', '2022', 1482),
(482, 15, 'OC', '2022', 631787),
(483, 15, 'ME', '2022', 373980),
(484, 16, 'EU', '2022', 147757),
(485, 16, 'AS', '2022', 56365),
(486, 16, 'SA', '2022', 226476),
(487, 16, 'AF', '2022', 1756),
(488, 16, 'OC', '2022', 608245),
(489, 16, 'ME', '2022', 383532),
(490, 17, 'EU', '2022', 119349),
(491, 17, 'AS', '2022', 97609),
(492, 17, 'SA', '2022', 150544),
(493, 17, 'AF', '2022', 1319),
(494, 17, 'OC', '2022', 716991),
(495, 17, 'ME', '2022', 435352),
(496, 18, 'EU', '2022', 125987),
(497, 18, 'AS', '2022', 98599),
(498, 18, 'SA', '2022', 239329),
(499, 18, 'AF', '2022', 1506),
(500, 18, 'OC', '2022', 692496),
(501, 18, 'ME', '2022', 425628),
(502, 19, 'EU', '2022', 126573),
(503, 19, 'AS', '2022', 62014),
(504, 19, 'SA', '2022', 260881),
(505, 19, 'AF', '2022', 1446),
(506, 19, 'OC', '2022', 750932),
(507, 19, 'ME', '2022', 300237),
(508, 20, 'EU', '2022', 171746),
(509, 20, 'AS', '2022', 97976),
(510, 20, 'SA', '2022', 218532),
(511, 20, 'AF', '2022', 1762),
(512, 20, 'OC', '2022', 710559),
(513, 20, 'ME', '2022', 295495),
(514, 21, 'EU', '2022', 142014),
(515, 21, 'AS', '2022', 105932),
(516, 21, 'SA', '2022', 173676),
(517, 21, 'AF', '2022', 1742),
(518, 21, 'OC', '2022', 709353),
(519, 21, 'ME', '2022', 418635),
(520, 22, 'EU', '2022', 140682),
(521, 22, 'AS', '2022', 52736),
(522, 22, 'SA', '2022', 182071),
(523, 22, 'AF', '2022', 1483),
(524, 22, 'OC', '2022', 712977),
(525, 22, 'ME', '2022', 399315),
(526, 23, 'EU', '2022', 120749),
(527, 23, 'AS', '2022', 108211),
(528, 23, 'SA', '2022', 190561),
(529, 23, 'AF', '2022', 1301),
(530, 23, 'OC', '2022', 479817),
(531, 23, 'ME', '2022', 324279),
(532, 24, 'EU', '2022', 171025),
(533, 24, 'AS', '2022', 88592),
(534, 24, 'SA', '2022', 206894),
(535, 24, 'AF', '2022', 1658),
(536, 24, 'OC', '2022', 580358),
(537, 24, 'ME', '2022', 324418),
(538, 25, 'EU', '2022', 129858),
(539, 25, 'AS', '2022', 118079),
(540, 25, 'SA', '2022', 361630),
(541, 25, 'AF', '2022', 1683),
(542, 25, 'OC', '2022', 613521),
(543, 25, 'ME', '2022', 398812),
(544, 26, 'EU', '2022', 188770),
(545, 26, 'AS', '2022', 85953),
(546, 26, 'SA', '2022', 239017),
(547, 26, 'AF', '2022', 1296),
(548, 26, 'OC', '2022', 631217),
(549, 26, 'ME', '2022', 466005),
(550, 27, 'EU', '2022', 144053),
(551, 27, 'AS', '2022', 71906),
(552, 27, 'SA', '2022', 206676),
(553, 27, 'AF', '2022', 1656),
(554, 27, 'OC', '2022', 470386),
(555, 27, 'ME', '2022', 423880),
(556, 28, 'EU', '2022', 117804),
(557, 28, 'AS', '2022', 110086),
(558, 28, 'SA', '2022', 323237),
(559, 28, 'AF', '2022', 1807),
(560, 28, 'OC', '2022', 683340),
(561, 28, 'ME', '2022', 402360),
(562, 29, 'EU', '2022', 174545),
(563, 29, 'AS', '2022', 117349),
(564, 29, 'SA', '2022', 246422),
(565, 29, 'AF', '2022', 1402),
(566, 29, 'OC', '2022', 688347),
(567, 29, 'ME', '2022', 364780),
(568, 30, 'EU', '2022', 119178),
(569, 30, 'AS', '2022', 147943),
(570, 30, 'SA', '2022', 195999),
(571, 30, 'AF', '2022', 1652),
(572, 30, 'OC', '2022', 530263),
(573, 30, 'ME', '2022', 488943),
(574, 31, 'EU', '2022', 167423),
(575, 31, 'AS', '2022', 58203),
(576, 31, 'SA', '2022', 258930),
(577, 31, 'AF', '2022', 1785),
(578, 31, 'OC', '2022', 675026),
(579, 31, 'ME', '2022', 340052),
(580, 32, 'EU', '2022', 195227),
(581, 32, 'AS', '2022', 113386),
(582, 32, 'SA', '2022', 273965),
(583, 32, 'AF', '2022', 1717),
(584, 32, 'OC', '2022', 501889),
(585, 32, 'ME', '2022', 359948);

--Year 2023, Each Car Based region
INSERT INTO SALES (Sales_ID, CarModel_ID, Region_ID, Year, Units_Sold) VALUES
(586, 1, 'EU', '2023', 168003),
(587, 1, 'AS', '2023', 72865),
(588, 1, 'SA', '2023', 24844),
(589, 1, 'AF', '2023', 1551),
(590, 1, 'OC', '2023', 65144),
(591, 1, 'ME', '2023', 43976),
(592, 2, 'EU', '2023', 128035),
(593, 2, 'AS', '2023', 127103),
(594, 2, 'SA', '2023', 14969),
(595, 2, 'AF', '2023', 1520),
(596, 2, 'OC', '2023', 75578),
(597, 2, 'ME', '2023', 42675),
(598, 3, 'EU', '2023', 58553),
(599, 3, 'AS', '2023', 3565),
(600, 3, 'SA', '2023', 3269),
(601, 3, 'AF', '2023', 1502),
(602, 3, 'OC', '2023', 28316),
(603, 3, 'ME', '2023', 2650),
(604, 4, 'EU', '2023', 88672),
(605, 4, 'AS', '2023', 1759),
(606, 4, 'SA', '2023', 26720),
(607, 4, 'AF', '2023', 2409),
(608, 4, 'OC', '2023', 59499),
(609, 4, 'ME', '2023', 25915),
(610, 5, 'EU', '2023', 209716),
(611, 5, 'AS', '2023', 24725),
(612, 5, 'SA', '2023', 11225),
(613, 5, 'AF', '2023', 3038),
(614, 5, 'OC', '2023', 81684),
(615, 5, 'ME', '2023', 58269),
(616, 6, 'EU', '2023', 154713),
(617, 6, 'AS', '2023', 39914),
(618, 6, 'SA', '2023', 50616),
(619, 6, 'AF', '2023', 2311),
(620, 6, 'OC', '2023', 442918),
(621, 6, 'ME', '2023', 298098),
(622, 7, 'EU', '2023', 193010),
(623, 7, 'AS', '2023', 55469),
(624, 7, 'SA', '2023', 250849),
(625, 7, 'AF', '2023', 1936),
(626, 7, 'OC', '2023', 650121),
(627, 7, 'ME', '2023', 371133),
(628, 8, 'EU', '2023', 169620),
(629, 8, 'AS', '2023', 149949),
(630, 8, 'SA', '2023', 17694),
(631, 8, 'AF', '2023', 973),
(632, 8, 'OC', '2023', 95395),
(633, 8, 'ME', '2023', 41941),
(634, 9, 'EU', '2023', 108832),
(635, 9, 'AS', '2023', 63415),
(636, 9, 'SA', '2023', 497473),
(637, 9, 'AF', '2023', 1712),
(638, 9, 'OC', '2023', 458946),
(639, 9, 'ME', '2023', 252199),
(640, 10, 'EU', '2023', 239591),
(641, 10, 'AS', '2023', 76731),
(642, 10, 'SA', '2023', 18859),
(643, 10, 'AF', '2023', 2545),
(644, 10, 'OC', '2023', 457603),
(645, 10, 'ME', '2023', 376238),
(646, 11, 'EU', '2023', 194419),
(647, 11, 'AS', '2023', 165661),
(648, 11, 'SA', '2023', 197752),
(649, 11, 'AF', '2023', 1048),
(650, 11, 'OC', '2023', 934643),
(651, 11, 'ME', '2023', 346059),
(652, 12, 'EU', '2023', 120015),
(653, 12, 'AS', '2023', 96371),
(654, 12, 'SA', '2023', 493432),
(655, 12, 'AF', '2023', 1959),
(656, 12, 'OC', '2023', 54452),
(657, 12, 'ME', '2023', 195500),
(658, 13, 'EU', '2023', 246360),
(659, 13, 'AS', '2023', 37531),
(660, 13, 'SA', '2023', 168432),
(661, 13, 'AF', '2023', 2321),
(662, 13, 'OC', '2023', 621623),
(663, 13, 'ME', '2023', 444280),
(664, 14, 'EU', '2023', 142910),
(665, 14, 'AS', '2023', 132897),
(666, 14, 'SA', '2023', 238892),
(667, 14, 'AF', '2023', 1170),
(668, 14, 'OC', '2023', 809462),
(669, 14, 'ME', '2023', 341417),
(670, 15, 'EU', '2023', 114267),
(671, 15, 'AS', '2023', 125938),
(672, 15, 'SA', '2023', 438956),
(673, 15, 'AF', '2023', 1630),
(674, 15, 'OC', '2023', 473840),
(675, 15, 'ME', '2023', 258046),
(676, 16, 'EU', '2023', 203905),
(677, 16, 'AS', '2023', 39456),
(678, 16, 'SA', '2023', 192505),
(679, 16, 'AF', '2023', 2458),
(680, 16, 'OC', '2023', 535256),
(681, 16, 'ME', '2023', 490921),
(682, 17, 'EU', '2023', 140832),
(683, 17, 'AS', '2023', 131772),
(684, 17, 'SA', '2023', 102370),
(685, 17, 'AF', '2023', 857),
(686, 17, 'OC', '2023', 946428),
(687, 17, 'ME', '2023', 487594),
(688, 18, 'EU', '2023', 90711),
(689, 18, 'AS', '2023', 106487),
(690, 18, 'SA', '2023', 339847),
(691, 18, 'AF', '2023', 1657),
(692, 18, 'OC', '2023', 519372),
(693, 18, 'ME', '2023', 293683),
(694, 19, 'EU', '2023', 174671),
(695, 19, 'AS', '2023', 43410),
(696, 19, 'SA', '2023', 221749),
(697, 19, 'AF', '2023', 2024),
(698, 19, 'OC', '2023', 660820),
(699, 19, 'ME', '2023', 384303),
(700, 20, 'EU', '2023', 202660),
(701, 20, 'AS', '2023', 132268),
(702, 20, 'SA', '2023', 148602),
(703, 20, 'AF', '2023', 1145),
(704, 20, 'OC', '2023', 937938),
(705, 20, 'ME', '2023', 330954),
(706, 21, 'EU', '2023', 102250),
(707, 21, 'AS', '2023', 114407),
(708, 21, 'SA', '2023', 246620),
(709, 21, 'AF', '2023', 1916),
(710, 21, 'OC', '2023', 532015),
(711, 21, 'ME', '2023', 288858),
(712, 22, 'EU', '2023', 194141),
(713, 22, 'AS', '2023', 36915),
(714, 22, 'SA', '2023', 154760),
(715, 22, 'AF', '2023', 2076),
(716, 22, 'OC', '2023', 627420),
(717, 22, 'ME', '2023', 511123),
(718, 23, 'EU', '2023', 142484),
(719, 23, 'AS', '2023', 146085),
(720, 23, 'SA', '2023', 129581),
(721, 23, 'AF', '2023', 846),
(722, 23, 'OC', '2023', 633358),
(723, 23, 'ME', '2023', 363192),
(724, 24, 'EU', '2023', 123138),
(725, 24, 'AS', '2023', 95679),
(726, 24, 'SA', '2023', 293789),
(727, 24, 'AF', '2023', 1824),
(728, 24, 'OC', '2023', 435268),
(729, 24, 'ME', '2023', 223848),
(730, 25, 'EU', '2023', 179204),
(731, 25, 'AS', '2023', 82655),
(732, 25, 'SA', '2023', 307386),
(733, 25, 'AF', '2023', 2356),
(734, 25, 'OC', '2023', 539898),
(735, 25, 'ME', '2023', 510479),
(736, 26, 'EU', '2023', 222749),
(737, 26, 'AS', '2023', 116037),
(738, 26, 'SA', '2023', 162532),
(739, 26, 'AF', '2023', 842),
(740, 26, 'OC', '2023', 833206),
(741, 26, 'ME', '2023', 521926),
(742, 27, 'EU', '2023', 103718),
(743, 27, 'AS', '2023', 77658),
(744, 27, 'SA', '2023', 293480),
(745, 27, 'AF', '2023', 1822),
(746, 27, 'OC', '2023', 352790),
(747, 27, 'ME', '2023', 292477),
(748, 28, 'EU', '2023', 162570),
(749, 28, 'AS', '2023', 77060),
(750, 28, 'SA', '2023', 274751),
(751, 28, 'AF', '2023', 2530),
(752, 28, 'OC', '2023', 601339),
(753, 28, 'ME', '2023', 515021),
(754, 29, 'EU', '2023', 205963),
(755, 29, 'AS', '2023', 158421),
(756, 29, 'SA', '2023', 167567),
(757, 29, 'AF', '2023', 911),
(758, 29, 'OC', '2023', 908618),
(759, 29, 'ME', '2023', 408554),
(760, 30, 'EU', '2023', 85808),
(761, 30, 'AS', '2023', 159778),
(762, 30, 'SA', '2023', 278319),
(763, 30, 'AF', '2023', 1817),
(764, 30, 'OC', '2023', 397697),
(765, 30, 'ME', '2023', 337371),
(766, 31, 'EU', '2023', 231044),
(767, 31, 'AS', '2023', 40742),
(768, 31, 'SA', '2023', 220090),
(769, 31, 'AF', '2023', 2499),
(770, 31, 'OC', '2023', 594023),
(771, 31, 'ME', '2023', 435267),
(772, 32, 'EU', '2023', 230368),
(773, 32, 'AS', '2023', 153071),
(774, 32, 'SA', '2023', 186296),
(775, 32, 'AF', '2023', 1116),
(776, 32, 'OC', '2023', 662493),
(777, 32, 'ME', '2023', 403142);

--Year 2024, Each Car Based region
INSERT INTO SALES (Sales_ID, CarModel_ID, Region_ID, Year, Units_Sold) VALUES
(778, 1, 'EU', '2024', 179763),
(779, 1, 'AS', '2024', 67036),
(780, 1, 'SA', '2024', 34782),
(781, 1, 'AF', '2024', 1086),
(782, 1, 'OC', '2024', 87293),
(783, 1, 'ME', '2024', 57609),
(784, 2, 'EU', '2024', 170287),
(785, 2, 'AS', '2024', 172860),
(786, 2, 'SA', '2024', 9880),
(787, 2, 'AF', '2024', 1444),
(788, 2, 'OC', '2024', 58951),
(789, 2, 'ME', '2024', 30299),
(790, 3, 'EU', '2024', 44500),
(791, 3, 'AS', '2024', 2638),
(792, 3, 'SA', '2024', 3759),
(793, 3, 'AF', '2024', 2178),
(794, 3, 'OC', '2024', 31148),
(795, 3, 'ME', '2024', 2862),
(796, 4, 'EU', '2024', 94879),
(797, 4, 'AS', '2024', 1618),
(798, 4, 'SA', '2024', 37408),
(799, 4, 'AF', '2024', 1686),
(800, 4, 'OC', '2024', 79729),
(801, 4, 'ME', '2024', 33949),
(802, 5, 'EU', '2024', 278922),
(803, 5, 'AS', '2024', 33626),
(804, 5, 'SA', '2024', 7408),
(805, 5, 'AF', '2024', 2886),
(806, 5, 'OC', '2024', 63714),
(807, 5, 'ME', '2024', 41371),
(808, 6, 'EU', '2024', 117582),
(809, 6, 'AS', '2024', 29536),
(810, 6, 'SA', '2024', 58208),
(811, 6, 'AF', '2024', 3351),
(812, 6, 'OC', '2024', 487210),
(813, 6, 'ME', '2024', 321946),
(814, 7, 'EU', '2024', 206521),
(815, 7, 'AS', '2024', 51031),
(816, 7, 'SA', '2024', 351189),
(817, 7, 'AF', '2024', 1355),
(818, 7, 'OC', '2024', 871162),
(819, 7, 'ME', '2024', 486184),
(820, 8, 'EU', '2024', 225595),
(821, 8, 'AS', '2024', 203931),
(822, 8, 'SA', '2024', 11678),
(823, 8, 'AF', '2024', 924),
(824, 8, 'OC', '2024', 74408),
(825, 8, 'ME', '2024', 29778),
(826, 9, 'EU', '2024', 82712),
(827, 9, 'AS', '2024', 46927),
(828, 9, 'SA', '2024', 572094),
(829, 9, 'AF', '2024', 2482),
(830, 9, 'OC', '2024', 504841),
(831, 9, 'ME', '2024', 272375),
(832, 10, 'EU', '2024', 256362),
(833, 10, 'AS', '2024', 70593),
(834, 10, 'SA', '2024', 26403),
(835, 10, 'AF', '2024', 1782),
(836, 10, 'OC', '2024', 613188),
(837, 10, 'ME', '2024', 492872),
(838, 11, 'EU', '2024', 258577),
(839, 11, 'AS', '2024', 225299),
(840, 11, 'SA', '2024', 130516),
(841, 11, 'AF', '2024', 996),
(842, 11, 'OC', '2024', 729022),
(843, 11, 'ME', '2024', 245702),
(844, 12, 'EU', '2024', 91211),
(845, 12, 'AS', '2024', 71315),
(846, 12, 'SA', '2024', 567447),
(847, 12, 'AF', '2024', 2841),
(848, 12, 'OC', '2024', 59897),
(849, 12, 'ME', '2024', 211140),
(850, 13, 'EU', '2024', 263605),
(851, 13, 'AS', '2024', 34529),
(852, 13, 'SA', '2024', 235805),
(853, 13, 'AF', '2024', 1625),
(854, 13, 'OC', '2024', 832975),
(855, 13, 'ME', '2024', 582007),
(856, 14, 'EU', '2024', 190070),
(857, 14, 'AS', '2024', 180740),
(858, 14, 'SA', '2024', 157669),
(859, 14, 'AF', '2024', 1112),
(860, 14, 'OC', '2024', 631380),
(861, 14, 'ME', '2024', 242406),
(862, 15, 'EU', '2024', 86843),
(863, 15, 'AS', '2024', 93194),
(864, 15, 'SA', '2024', 504799),
(865, 15, 'AF', '2024', 2364),
(866, 15, 'OC', '2024', 521224),
(867, 15, 'ME', '2024', 278690),
(868, 16, 'EU', '2024', 218178),
(869, 16, 'AS', '2024', 36300),
(870, 16, 'SA', '2024', 269507),
(871, 16, 'AF', '2024', 1721),
(872, 16, 'OC', '2024', 717243),
(873, 16, 'ME', '2024', 643107),
(874, 17, 'EU', '2024', 187307),
(875, 17, 'AS', '2024', 179210),
(876, 17, 'SA', '2024', 67564),
(877, 17, 'AF', '2024', 814),
(878, 17, 'OC', '2024', 738214),
(879, 17, 'ME', '2024', 346192),
(880, 18, 'EU', '2024', 68940),
(881, 18, 'AS', '2024', 78800),
(882, 18, 'SA', '2024', 390824),
(883, 18, 'AF', '2024', 2403),
(884, 18, 'OC', '2024', 571309),
(885, 18, 'ME', '2024', 317178),
(886, 19, 'EU', '2024', 186898),
(887, 19, 'AS', '2024', 39937),
(888, 19, 'SA', '2024', 310449),
(889, 19, 'AF', '2024', 1417),
(890, 19, 'OC', '2024', 885499),
(891, 19, 'ME', '2024', 503437),
(892, 20, 'EU', '2024', 269538),
(893, 20, 'AS', '2024', 179884),
(894, 20, 'SA', '2024', 98077),
(895, 20, 'AF', '2024', 1088),
(896, 20, 'OC', '2024', 731592),
(897, 20, 'ME', '2024', 234977),
(898, 21, 'EU', '2024', 77710),
(899, 21, 'AS', '2024', 84661),
(900, 21, 'SA', '2024', 283613),
(901, 21, 'AF', '2024', 2778),
(902, 21, 'OC', '2024', 585216),
(903, 21, 'ME', '2024', 311967),
(904, 22, 'EU', '2024', 207731),
(905, 22, 'AS', '2024', 33962),
(906, 22, 'SA', '2024', 216664),
(907, 22, 'AF', '2024', 1453),
(908, 22, 'OC', '2024', 840743),
(909, 22, 'ME', '2024', 669571),
(910, 23, 'EU', '2024', 189504),
(911, 23, 'AS', '2024', 198676),
(912, 23, 'SA', '2024', 85523),
(913, 23, 'AF', '2024', 804),
(914, 23, 'OC', '2024', 494019),
(915, 23, 'ME', '2024', 257866),
(916, 24, 'EU', '2024', 93585),
(917, 24, 'AS', '2024', 70802),
(918, 24, 'SA', '2024', 337857),
(919, 24, 'AF', '2024', 2645),
(920, 24, 'OC', '2024', 478795),
(921, 24, 'ME', '2024', 241756),
(922, 25, 'EU', '2024', 191748),
(923, 25, 'AS', '2024', 76043),
(924, 25, 'SA', '2024', 430340),
(925, 25, 'AF', '2024', 1649),
(926, 25, 'OC', '2024', 723463),
(927, 25, 'ME', '2024', 668727),
(928, 26, 'EU', '2024', 296256),
(929, 26, 'AS', '2024', 157810),
(930, 26, 'SA', '2024', 107271),
(931, 26, 'AF', '2024', 800),
(932, 26, 'OC', '2024', 649901),
(933, 26, 'ME', '2024', 370567),
(934, 27, 'EU', '2024', 78826),
(935, 27, 'AS', '2024', 57467),
(936, 27, 'SA', '2024', 337502),
(937, 27, 'AF', '2024', 2642),
(938, 27, 'OC', '2024', 388069),
(939, 27, 'ME', '2024', 315875),
(940, 28, 'EU', '2024', 173950),
(941, 28, 'AS', '2024', 70895),
(942, 28, 'SA', '2024', 384651),
(943, 28, 'AF', '2024', 1771),
(944, 28, 'OC', '2024', 805794),
(945, 28, 'ME', '2024', 674678),
(946, 29, 'EU', '2024', 273931),
(947, 29, 'AS', '2024', 215453),
(948, 29, 'SA', '2024', 110594),
(949, 29, 'AF', '2024', 865),
(950, 29, 'OC', '2024', 708722),
(951, 29, 'ME', '2024', 290073),
(952, 30, 'EU', '2024', 65214),
(953, 30, 'AS', '2024', 118236),
(954, 30, 'SA', '2024', 320067),
(955, 30, 'AF', '2024', 2635),
(956, 30, 'OC', '2024', 437467),
(957, 30, 'ME', '2024', 364361),
(958, 31, 'EU', '2024', 247217),
(959, 31, 'AS', '2024', 37483),
(960, 31, 'SA', '2024', 308126),
(961, 31, 'AF', '2024', 1749),
(962, 31, 'OC', '2024', 795991),
(963, 31, 'ME', '2024', 570200),
(964, 32, 'EU', '2024', 306389),
(965, 32, 'AS', '2024', 208177),
(966, 32, 'SA', '2024', 122955),
(967, 32, 'AF', '2024', 1060),
(968, 32, 'OC', '2024', 516745),
(969, 32, 'ME', '2024', 286231);

#Year 2025, Each Car Based region
INSERT INTO SALES (Sales_ID, CarModel_ID, Region_ID, Year, Units_Sold) VALUES
(970, 1, 'EU', '2025', 186484),
(971, 1, 'AS', '2025', 101800),
(972, 1, 'SA', '2025', 67424),
(973, 1, 'AF', '2025', 1586),
(974, 1, 'OC', '2025', 54523),
(975, 1, 'ME', '2025', 48758),
(976, 2, 'EU', '2025', 119114),
(977, 2, 'AS', '2025', 106772),
(978, 2, 'SA', '2025', 17081),
(979, 2, 'AF', '2025', 2737),
(980, 2, 'OC', '2025', 68627),
(981, 2, 'ME', '2025', 47104),
(982, 3, 'EU', '2025', 152108),
(983, 3, 'AS', '2025', 4610),
(984, 3, 'SA', '2025', 2076),
(985, 3, 'AF', '2025', 791),
(986, 3, 'OC', '2025', 25215),
(987, 3, 'ME', '2025', 2905),
(988, 4, 'EU', '2025', 74986),
(989, 4, 'AS', '2025', 3291),
(990, 4, 'SA', '2025', 24475),
(991, 4, 'AF', '2025', 1352),
(992, 4, 'OC', '2025', 117304),
(993, 4, 'ME', '2025', 15635),
(994, 5, 'EU', '2025', 176845),
(995, 5, 'AS', '2025', 44681),
(996, 5, 'SA', '2025', 17270),
(997, 5, 'AF', '2025', 5801),
(998, 5, 'OC', '2025', 57034),
(999, 5, 'ME', '2025', 40837),
(1000, 6, 'EU', '2025', 279301),
(1001, 6, 'AS', '2025', 26479),
(1002, 6, 'SA', '2025', 39501),
(1003, 6, 'AF', '2025', 3267),
(1004, 6, 'OC', '2025', 424232),
(1005, 6, 'ME', '2025', 169404),
(1006, 7, 'EU', '2025', 184405),
(1007, 7, 'AS', '2025', 83723),
(1008, 7, 'SA', '2025', 285282),
(1009, 7, 'AF', '2025', 1888),
(1010, 7, 'OC', '2025', 620959),
(1011, 7, 'ME', '2025', 284103),
(1012, 8, 'EU', '2025', 117757),
(1013, 8, 'AS', '2025', 99841),
(1014, 8, 'SA', '2025', 25864),
(1015, 8, 'AF', '2025', 1212),
(1016, 8, 'OC', '2025', 86540),
(1017, 8, 'ME', '2025', 53195),
(1018, 9, 'EU', '2025', 206987),
(1019, 9, 'AS', '2025', 71135),
(1020, 9, 'SA', '2025', 386352),
(1021, 9, 'AF', '2025', 1593),
(1022, 9, 'OC', '2025', 407344),
(1023, 9, 'ME', '2025', 336199),
(1024, 10, 'EU', '2025', 153244),
(1025, 10, 'AS', '2025', 247806),
(1026, 10, 'SA', '2025', 14437),
(1027, 10, 'AF', '2025', 1772),
(1028, 10, 'OC', '2025', 959780),
(1029, 10, 'ME', '2025', 188723),
(1030, 11, 'EU', '2025', 255169),
(1031, 11, 'AS', '2025', 129444),
(1032, 11, 'SA', '2025', 138635),
(1033, 11, 'AF', '2025', 1658),
(1034, 11, 'OC', '2025', 936965),
(1035, 11, 'ME', '2025', 421268),
(1036, 12, 'EU', '2025', 139609),
(1037, 12, 'AS', '2025', 78513),
(1038, 12, 'SA', '2025', 375007),
(1039, 12, 'AF', '2025', 3989),
(1040, 12, 'OC', '2025', 148488),
(1041, 12, 'ME', '2025', 355709),
(1042, 13, 'EU', '2025', 225726),
(1043, 13, 'AS', '2025', 71638),
(1044, 13, 'SA', '2025', 173699),
(1045, 13, 'AF', '2025', 3050),
(1046, 13, 'OC', '2025', 1019702),
(1047, 13, 'ME', '2025', 384941),
(1048, 14, 'EU', '2025', 115007),
(1049, 14, 'AS', '2025', 82336),
(1050, 14, 'SA', '2025', 319843),
(1051, 14, 'AF', '2025', 3194),
(1052, 14, 'OC', '2025', 1016090),
(1053, 14, 'ME', '2025', 169222),
(1054, 15, 'EU', '2025', 369833),
(1055, 15, 'AS', '2025', 154802),
(1056, 15, 'SA', '2025', 485292),
(1057, 15, 'AF', '2025', 2076),
(1058, 15, 'OC', '2025', 900149),
(1059, 15, 'ME', '2025', 577421),
(1060, 16, 'EU', '2025', 269248),
(1061, 16, 'AS', '2025', 67638),
(1062, 16, 'SA', '2025', 397896),
(1063, 16, 'AF', '2025', 1798),
(1064, 16, 'OC', '2025', 440889),
(1065, 16, 'ME', '2025', 245685),
(1066, 17, 'EU', '2025', 229290),
(1067, 17, 'AS', '2025', 67381),
(1068, 17, 'SA', '2025', 182161),
(1069, 17, 'AF', '2025', 772),
(1070, 17, 'OC', '2025', 429194),
(1071, 17, 'ME', '2025', 784480),
(1072, 18, 'EU', '2025', 117194),
(1073, 18, 'AS', '2025', 107746),
(1074, 18, 'SA', '2025', 295079),
(1075, 18, 'AF', '2025', 3280),
(1076, 18, 'OC', '2025', 1034607),
(1077, 18, 'ME', '2025', 686796),
(1078, 19, 'EU', '2025', 149272),
(1079, 19, 'AS', '2025', 69236),
(1080, 19, 'SA', '2025', 277844),
(1081, 19, 'AF', '2025', 851),
(1082, 19, 'OC', '2025', 1137980),
(1083, 19, 'ME', '2025', 567462),
(1084, 20, 'EU', '2025', 300243),
(1085, 20, 'AS', '2025', 101423),
(1086, 20, 'SA', '2025', 207463),
(1087, 20, 'AF', '2025', 1592),
(1088, 20, 'OC', '2025', 553637),
(1089, 20, 'ME', '2025', 633920),
(1090, 21, 'EU', '2025', 144910),
(1091, 21, 'AS', '2025', 67900),
(1092, 21, 'SA', '2025', 106714),
(1093, 21, 'AF', '2025', 3131),
(1094, 21, 'OC', '2025', 1048779),
(1095, 21, 'ME', '2025', 228148),
(1096, 22, 'EU', '2025', 183354),
(1097, 22, 'AS', '2025', 37175),
(1098, 22, 'SA', '2025', 234281),
(1099, 22, 'AF', '2025', 3710),
(1100, 22, 'OC', '2025', 736659),
(1101, 22, 'ME', '2025', 792190),
(1102, 23, 'EU', '2025', 163454),
(1103, 23, 'AS', '2025', 69991),
(1104, 23, 'SA', '2025', 187853),
(1105, 23, 'AF', '2025', 1433),
(1106, 23, 'OC', '2025', 475390),
(1107, 23, 'ME', '2025', 337713),
(1108, 24, 'EU', '2025', 169259),
(1109, 24, 'AS', '2025', 91680),
(1110, 24, 'SA', '2025', 137530),
(1111, 24, 'AF', '2025', 1156),
(1112, 24, 'OC', '2025', 373694),
(1113, 24, 'ME', '2025', 310172),
(1114, 25, 'EU', '2025', 180447),
(1115, 25, 'AS', '2025', 145513),
(1116, 25, 'SA', '2025', 609788),
(1117, 25, 'AF', '2025', 1483),
(1118, 25, 'OC', '2025', 546691),
(1119, 25, 'ME', '2025', 617856),
(1120, 26, 'EU', '2025', 302637),
(1121, 26, 'AS', '2025', 85349),
(1122, 26, 'SA', '2025', 322735),
(1123, 26, 'AF', '2025', 2009),
(1124, 26, 'OC', '2025', 596253),
(1125, 26, 'ME', '2025', 482960),
(1126, 27, 'EU', '2025', 137154),
(1127, 27, 'AS', '2025', 81293),
(1128, 27, 'SA', '2025', 274934),
(1129, 27, 'AF', '2025', 1190),
(1130, 27, 'OC', '2025', 833441),
(1131, 27, 'ME', '2025', 343683),
(1132, 28, 'EU', '2025', 107089),
(1133, 28, 'AS', '2025', 109648),
(1134, 28, 'SA', '2025', 375783),
(1135, 28, 'AF', '2025', 3139),
(1136, 28, 'OC', '2025', 368596),
(1137, 28, 'ME', '2025', 387146),
(1138, 29, 'EU', '2025', 172433),
(1139, 29, 'AS', '2025', 110263),
(1140, 29, 'SA', '2025', 259501),
(1141, 29, 'AF', '2025', 2705),
(1142, 29, 'OC', '2025', 454033),
(1143, 29, 'ME', '2025', 338875),
(1144, 30, 'EU', '2025', 109343),
(1145, 30, 'AS', '2025', 257267),
(1146, 30, 'SA', '2025', 259370),
(1147, 30, 'AF', '2025', 1067),
(1148, 30, 'OC', '2025', 408646),
(1149, 30, 'ME', '2025', 422669),
(1150, 31, 'EU', '2025', 310314),
(1151, 31, 'AS', '2025', 47974),
(1152, 31, 'SA', '2025', 298030),
(1153, 31, 'AF', '2025', 1485),
(1154, 31, 'OC', '2025', 1029208),
(1155, 31, 'ME', '2025', 306452),
(1156, 32, 'EU', '2025', 198321),
(1157, 32, 'AS', '2025', 90980),
(1158, 32, 'SA', '2025', 273816),
(1159, 32, 'AF', '2025', 1288),
(1160, 32, 'OC', '2025', 345596),
(1161, 32, 'ME', '2025', 357260);

#Year 2026, Each Car Based region
INSERT INTO SALES (Sales_ID, CarModel_ID, Region_ID, Year, Units_Sold) VALUES
(1162, 1, 'EU', '2026', 157885),
(1163, 1, 'AS', '2026', 138195),
(1164, 1, 'SA', '2026', 47346),
(1165, 1, 'AF', '2026', 1807),
(1166, 1, 'OC', '2026', 55813),
(1167, 1, 'ME', '2026', 60910),
(1168, 2, 'EU', '2026', 135640),
(1169, 2, 'AS', '2026', 151980),
(1170, 2, 'SA', '2026', 24997),
(1171, 2, 'AF', '2026', 3222),
(1172, 2, 'OC', '2026', 41711),
(1173, 2, 'ME', '2026', 48526),
(1174, 3, 'EU', '2026', 179590),
(1175, 3, 'AS', '2026', 5942),
(1176, 3, 'SA', '2026', 2984),
(1177, 3, 'AF', '2026', 1094),
(1178, 3, 'OC', '2026', 17429),
(1179, 3, 'ME', '2026', 1953),
(1180, 4, 'EU', '2026', 69839),
(1181, 4, 'AS', '2026', 4437),
(1182, 4, 'SA', '2026', 17874),
(1183, 4, 'AF', '2026', 1584),
(1184, 4, 'OC', '2026', 123165),
(1185, 4, 'ME', '2026', 17632),
(1186, 5, 'EU', '2026', 208158),
(1187, 5, 'AS', '2026', 64543),
(1188, 5, 'SA', '2026', 22037),
(1189, 5, 'AF', '2026', 6252),
(1190, 5, 'OC', '2026', 76690),
(1191, 5, 'ME', '2026', 30005),
(1192, 6, 'EU', '2026', 351049),
(1193, 6, 'AS', '2026', 38643),
(1194, 6, 'SA', '2026', 58786),
(1195, 6, 'AF', '2026', 3304),
(1196, 6, 'OC', '2026', 523815),
(1197, 6, 'ME', '2026', 253784),
(1198, 7, 'EU', '2026', 201492),
(1199, 7, 'AS', '2026', 96069),
(1200, 7, 'SA', '2026', 207947),
(1201, 7, 'AF', '2026', 2584),
(1202, 7, 'OC', '2026', 828020),
(1203, 7, 'ME', '2026', 408202),
(1204, 8, 'EU', '2026', 138379),
(1205, 8, 'AS', '2026', 133552),
(1206, 8, 'SA', '2026', 33340),
(1207, 8, 'AF', '2026', 1084),
(1208, 8, 'OC', '2026', 106698),
(1209, 8, 'ME', '2026', 33976),
(1210, 9, 'EU', '2026', 160776),
(1211, 9, 'AS', '2026', 62310),
(1212, 9, 'SA', '2026', 575177),
(1213, 9, 'AF', '2026', 1300),
(1214, 9, 'OC', '2026', 594566),
(1215, 9, 'ME', '2026', 287515),
(1216, 10, 'EU', '2026', 126870),
(1217, 10, 'AS', '2026', 257954),
(1218, 10, 'SA', '2026', 9212),
(1219, 10, 'AF', '2026', 2079),
(1220, 10, 'OC', '2026', 1424005),
(1221, 10, 'ME', '2026', 181399),
(1222, 11, 'EU', '2026', 169428),
(1223, 11, 'AS', '2026', 191639),
(1224, 11, 'SA', '2026', 87966),
(1225, 11, 'AF', '2026', 1559),
(1226, 11, 'OC', '2026', 899226),
(1227, 11, 'ME', '2026', 375852),
(1228, 12, 'EU', '2026', 190317),
(1229, 12, 'AS', '2026', 117165),
(1230, 12, 'SA', '2026', 402455),
(1231, 12, 'AF', '2026', 5001),
(1232, 12, 'OC', '2026', 185578),
(1233, 12, 'ME', '2026', 485395),
(1234, 13, 'EU', '2026', 137340),
(1235, 13, 'AS', '2026', 49235),
(1236, 13, 'SA', '2026', 203433),
(1237, 13, 'AF', '2026', 1913),
(1238, 13, 'OC', '2026', 1172092),
(1239, 13, 'ME', '2026', 424336),
(1240, 14, 'EU', '2026', 69488),
(1241, 14, 'AS', '2026', 122333),
(1242, 14, 'SA', '2026', 436140),
(1243, 14, 'AF', '2026', 2807),
(1244, 14, 'OC', '2026', 1153757),
(1245, 14, 'ME', '2026', 173769),
(1246, 15, 'EU', '2026', 473733),
(1247, 15, 'AS', '2026', 151468),
(1248, 15, 'SA', '2026', 575856),
(1249, 15, 'AF', '2026', 2258),
(1250, 15, 'OC', '2026', 1001266),
(1251, 15, 'ME', '2026', 385971),
(1252, 16, 'EU', '2026', 254973),
(1253, 16, 'AS', '2026', 44890),
(1254, 16, 'SA', '2026', 516747),
(1255, 16, 'AF', '2026', 2205),
(1256, 16, 'OC', '2026', 365791),
(1257, 16, 'ME', '2026', 252615),
(1258, 17, 'EU', '2026', 160750),
(1259, 17, 'AS', '2026', 64695),
(1260, 17, 'SA', '2026', 125112),
(1261, 17, 'AF', '2026', 577),
(1262, 17, 'OC', '2026', 619977),
(1263, 17, 'ME', '2026', 767046),
(1264, 18, 'EU', '2026', 73393),
(1265, 18, 'AS', '2026', 68294),
(1266, 18, 'SA', '2026', 342499),
(1267, 18, 'AF', '2026', 2440),
(1268, 18, 'OC', '2026', 1004527),
(1269, 18, 'ME', '2026', 706356),
(1270, 19, 'EU', '2026', 131770),
(1271, 19, 'AS', '2026', 65469),
(1272, 19, 'SA', '2026', 269016),
(1273, 19, 'AF', '2026', 1082),
(1274, 19, 'OC', '2026', 1249783),
(1275, 19, 'ME', '2026', 531333),
(1276, 20, 'EU', '2026', 189884),
(1277, 20, 'AS', '2026', 112740),
(1278, 20, 'SA', '2026', 223353),
(1279, 20, 'AF', '2026', 1035),
(1280, 20, 'OC', '2026', 650994),
(1281, 20, 'ME', '2026', 864566),
(1282, 21, 'EU', '2026', 122837),
(1283, 21, 'AS', '2026', 76645),
(1284, 21, 'SA', '2026', 119157),
(1285, 21, 'AF', '2026', 2513),
(1286, 21, 'OC', '2026', 834396),
(1287, 21, 'ME', '2026', 270951),
(1288, 22, 'EU', '2026', 252086),
(1289, 22, 'AS', '2026', 24773),
(1290, 22, 'SA', '2026', 261837),
(1291, 22, 'AF', '2026', 4063),
(1292, 22, 'OC', '2026', 1017260),
(1293, 22, 'ME', '2026', 860748),
(1294, 23, 'EU', '2026', 182761),
(1295, 23, 'AS', '2026', 104826),
(1296, 23, 'SA', '2026', 231073),
(1297, 23, 'AF', '2026', 929),
(1298, 23, 'OC', '2026', 500752),
(1299, 23, 'ME', '2026', 481739),
(1300, 24, 'EU', '2026', 138913),
(1301, 24, 'AS', '2026', 108829),
(1302, 24, 'SA', '2026', 169543),
(1303, 24, 'AF', '2026', 737),
(1304, 24, 'OC', '2026', 337605),
(1305, 24, 'ME', '2026', 190619),
(1306, 25, 'EU', '2026', 178042),
(1307, 25, 'AS', '2026', 213788),
(1308, 25, 'SA', '2026', 443949),
(1309, 25, 'AF', '2026', 1978),
(1310, 25, 'OC', '2026', 446851),
(1311, 25, 'ME', '2026', 669917),
(1312, 26, 'EU', '2026', 352918),
(1313, 26, 'AS', '2026', 109501),
(1314, 26, 'SA', '2026', 480759),
(1315, 26, 'AF', '2026', 2179),
(1316, 26, 'OC', '2026', 438827),
(1317, 26, 'ME', '2026', 557470),
(1318, 27, 'EU', '2026', 135782),
(1319, 27, 'AS', '2026', 70935),
(1320, 27, 'SA', '2026', 405974),
(1321, 27, 'AF', '2026', 776),
(1322, 27, 'OC', '2026', 1005117),
(1323, 27, 'ME', '2026', 500755),
(1324, 28, 'EU', '2026', 148947),
(1325, 28, 'AS', '2026', 142258),
(1326, 28, 'SA', '2026', 381136),
(1327, 28, 'AF', '2026', 3519),
(1328, 28, 'OC', '2026', 421290),
(1329, 28, 'ME', '2026', 492455),
(1330, 29, 'EU', '2026', 235083),
(1331, 29, 'AS', '2026', 111233),
(1332, 29, 'SA', '2026', 157134),
(1333, 29, 'AF', '2026', 2427),
(1334, 29, 'OC', '2026', 377925),
(1335, 29, 'ME', '2026', 437884),
(1336, 30, 'EU', '2026', 98147),
(1337, 30, 'AS', '2026', 342303),
(1338, 30, 'SA', '2026', 298082),
(1339, 30, 'AF', '2026', 1281),
(1340, 30, 'OC', '2026', 377174),
(1341, 30, 'ME', '2026', 606333),
(1342, 31, 'EU', '2026', 422065),
(1343, 31, 'AS', '2026', 34960),
(1344, 31, 'SA', '2026', 382713),
(1345, 31, 'AF', '2026', 981),
(1346, 31, 'OC', '2026', 1174483),
(1347, 31, 'ME', '2026', 289409),
(1348, 32, 'EU', '2026', 209974),
(1349, 32, 'AS', '2026', 133714),
(1350, 32, 'SA', '2026', 216616),
(1351, 32, 'AF', '2026', 1011),
(1352, 32, 'OC', '2026', 227843),
(1353, 32, 'ME', '2026', 228168);
